MasterID,ChildID,ChildName
574,90001,Contain
380,90002,Manager
413,90003,Town
863,90004,Bag
955,90005,Step
279,90006,Line
925,90007,Skin
471,90008,Force
142,90009,Technology
913,90010,Student
303,90011,Far
608,90012,Hotel
832,90013,International
349,90014,Member
919,90015,Environmental
864,90016,Expect
474,90017,The
796,90018,Imagine
937,90019,Face
444,90020,Will
192,90021,Response
591,90022,Relate
233,90023,Appear
319,90024,Local
75,90025,Fill
108,90026,Budget
287,90027,Participant
179,90028,Sell
603,90029,Back
760,90030,Well
888,90031,Such
524,90032,Teach
313,90033,Range
935,90034,Human
33,90035,Stand
307,90036,Leg
80,90037,I
855,90038,House
23,90039,Media
172,90040,Become
853,90041,Available
189,90042,People
428,90043,Worry
460,90044,Show
62,90045,Outside
227,90046,Option
516,90047,Smile
961,90048,Choice
578,90049,North
845,90050,Central
545,90051,Most
339,90052,Great
3,90053,Risk
41,90054,Road
646,90055,Like
797,90056,Personal
886,90057,Attorney
705,90058,Region
725,90059,Home
750,90060,Movement
815,90061,Group
484,90062,Cultural
81,90063,Including
105,90064,Return
947,90065,Figure
517,90066,Figure
412,90067,Garden
315,90068,Television
17,90069,Magazine
653,90070,About
397,90071,Treat
275,90072,Up
991,90073,Available
816,90074,Method
855,90075,Sure
381,90076,Range
562,90077,Those
333,90078,Word
526,90079,Forward
174,90080,Field
36,90081,Own
359,90082,Discuss
807,90083,Job
989,90084,Pm
432,90085,Hot
53,90086,Usually
420,90087,Need
140,90088,Land
592,90089,Board
878,90090,Fine
130,90091,Laugh
297,90092,Run
733,90093,Own
944,90094,Study
639,90095,Address
882,90096,Laugh
659,90097,Effect
164,90098,Wide
230,90099,Million
282,90100,Really
112,90101,Song
52,90102,Interview
621,90103,Site
83,90104,Bring
899,90105,More
653,90106,And
208,90107,Song
31,90108,Risk
635,90109,Face
717,90110,Game
940,90111,Sometimes
628,90112,Body
152,90113,Decision
755,90114,Suggest
621,90115,Store
812,90116,Hard
771,90117,Air
511,90118,Later
445,90119,Take
393,90120,Charge
98,90121,Series
360,90122,Late
669,90123,Son
779,90124,Indicate
49,90125,Agree
849,90126,Carry
331,90127,Guy
48,90128,Meet
854,90129,Question
790,90130,Drive
255,90131,Break
128,90132,Sort
203,90133,Place
18,90134,Police
574,90135,Public
100,90136,Mention
712,90137,Expect
188,90138,Least
438,90139,Course
285,90140,Window
729,90141,Commercial
153,90142,Painting
327,90143,Stop
49,90144,Similar
982,90145,Development
131,90146,Specific
194,90147,Employee
542,90148,Race
965,90149,Summer
848,90150,They
684,90151,Great
996,90152,Time
340,90153,Note
322,90154,Present
819,90155,But
406,90156,Break
898,90157,Morning
225,90158,Can
241,90159,Security
499,90160,Provide
742,90161,Want
739,90162,Including
801,90163,Report
901,90164,Much
830,90165,Form
29,90166,Condition
280,90167,Team
606,90168,Rise
637,90169,Future
695,90170,Fact
468,90171,Film
344,90172,Across
265,90173,Policy
509,90174,Summer
187,90175,Remain
198,90176,She
230,90177,Career
765,90178,East
599,90179,Learn
670,90180,To
367,90181,Than
760,90182,Same
313,90183,Yourself
868,90184,Data
191,90185,Wife
102,90186,Ten
596,90187,Decision
498,90188,Society
954,90189,Behavior
51,90190,Market
831,90191,Treat
813,90192,Interest
527,90193,Maybe
117,90194,Far
182,90195,Century
178,90196,Save
194,90197,Impact
60,90198,Collection
235,90199,Old
109,90200,Ten
808,90201,My
949,90202,First
425,90203,Far
921,90204,Understand
569,90205,Drive
628,90206,Other
681,90207,Poor
925,90208,Half
287,90209,Law
600,90210,Write
176,90211,Describe
49,90212,Alone
374,90213,Area
448,90214,Born
17,90215,Beat
923,90216,Amount
229,90217,Left
986,90218,Gas
472,90219,View
24,90220,Great
161,90221,Down
133,90222,Our
422,90223,If
643,90224,Thus
558,90225,Respond
554,90226,Ground
980,90227,Parent
328,90228,Teach
624,90229,Consider
960,90230,Audience
600,90231,Lose
749,90232,Present
314,90233,Manager
357,90234,Water
830,90235,Provide
369,90236,Involve
691,90237,Third
801,90238,Animal
454,90239,After
896,90240,Experience
691,90241,Red
510,90242,Trip
764,90243,Strong
708,90244,Note
202,90245,Senior
111,90246,Identify
412,90247,Low
81,90248,Hotel
459,90249,Describe
643,90250,Green
65,90251,Long
566,90252,Sound
22,90253,Than
106,90254,They
92,90255,Analysis
880,90256,Also
32,90257,Election
398,90258,Similar
2,90259,Artist
797,90260,Church
97,90261,These
342,90262,My
278,90263,Thousand
116,90264,Agency
762,90265,Beat
818,90266,Father
832,90267,Action
710,90268,Both
597,90269,Coach
781,90270,Data
536,90271,Minute
346,90272,Also
314,90273,But
121,90274,North
776,90275,Address
401,90276,Bad
80,90277,Clear
119,90278,Your
392,90279,Class
239,90280,Between
633,90281,By
250,90282,Myself
370,90283,During
42,90284,Trade
92,90285,Various
299,90286,Base
997,90287,Significant
298,90288,Drop
413,90289,Guess
405,90290,Send
459,90291,Bed
509,90292,Nothing
444,90293,Then
390,90294,While
67,90295,Many
842,90296,Far
326,90297,Born
675,90298,Administration
316,90299,Manager
833,90300,Total
893,90301,Away
233,90302,Organization
340,90303,Republican
709,90304,Board
399,90305,Tax
396,90306,Nor
277,90307,Per
438,90308,Environment
722,90309,Here
25,90310,Method
164,90311,Fund
287,90312,Thank
766,90313,White
874,90314,Behind
760,90315,While
410,90316,Too
531,90317,Remain
829,90318,Less
914,90319,Tell
675,90320,Blood
455,90321,Plant
238,90322,Company
889,90323,Boy
998,90324,Station
87,90325,Book
587,90326,Organization
447,90327,Again
785,90328,Occur
365,90329,Action
500,90330,Body
576,90331,Traditional
253,90332,Hand
503,90333,Loss
187,90334,Difference
62,90335,Traditional
767,90336,Pass
965,90337,Pattern
633,90338,Hard
151,90339,Speech
737,90340,State
19,90341,Grow
312,90342,Maybe
706,90343,Bag
4,90344,May
592,90345,Main
816,90346,Have
867,90347,No
381,90348,Eye
100,90349,His
739,90350,Citizen
765,90351,Practice
550,90352,Friend
715,90353,Every
703,90354,Easy
160,90355,Table
100,90356,Truth
579,90357,Evidence
875,90358,Name
615,90359,Whatever
660,90360,Difference
788,90361,Last
858,90362,Season
664,90363,Professor
222,90364,Cost
278,90365,High
312,90366,Present
605,90367,Part
58,90368,Save
374,90369,Type
280,90370,Total
890,90371,War
713,90372,Listen
50,90373,Nation
773,90374,During
5,90375,Onto
8,90376,Event
145,90377,Employee
708,90378,Several
430,90379,Produce
935,90380,Guess
995,90381,Officer
247,90382,Toward
690,90383,Bill
629,90384,Wait
266,90385,Onto
875,90386,Pay
99,90387,Worry
908,90388,Physical
508,90389,Begin
721,90390,Surface
648,90391,American
816,90392,Issue
462,90393,Themselves
414,90394,Also
256,90395,Drop
466,90396,Near
899,90397,Voice
88,90398,Discover
348,90399,Day
638,90400,Medical
994,90401,Property
260,90402,Again
607,90403,Moment
327,90404,Social
1000,90405,Seek
336,90406,Event
651,90407,Although
713,90408,Story
68,90409,Success
989,90410,Event
847,90411,Do
262,90412,Wide
61,90413,Indicate
902,90414,Democratic
739,90415,Defense
94,90416,Likely
263,90417,History
86,90418,Force
108,90419,Its
996,90420,Pressure
37,90421,Become
691,90422,Reduce
749,90423,Network
966,90424,Speak
776,90425,High
83,90426,Something
170,90427,Shoulder
40,90428,Project
674,90429,Probably
735,90430,Discussion
130,90431,Theory
867,90432,Step
548,90433,Identify
869,90434,Attention
737,90435,Wind
317,90436,Power
461,90437,Traditional
252,90438,Each
146,90439,Vote
886,90440,Case
681,90441,Song
40,90442,Culture
854,90443,Suddenly
468,90444,Who
745,90445,Heavy
708,90446,Industry
77,90447,Partner
430,90448,Opportunity
449,90449,Century
934,90450,Voice
439,90451,Throw
900,90452,Natural
283,90453,Teach
724,90454,Identify
971,90455,Cup
364,90456,Sure
183,90457,Management
90,90458,Before
127,90459,Million
815,90460,Energy
978,90461,Participant
352,90462,Control
839,90463,Trade
623,90464,Live
417,90465,Citizen
636,90466,Challenge
929,90467,Environment
359,90468,Management
657,90469,East
160,90470,Item
494,90471,Thank
166,90472,Laugh
663,90473,Behind
816,90474,Force
204,90475,Would
50,90476,Environmental
79,90477,Through
334,90478,Ten
375,90479,Yourself
266,90480,Indeed
588,90481,Voice
516,90482,Foreign
75,90483,Which
333,90484,Under
135,90485,Community
911,90486,Bit
477,90487,Wife
109,90488,Fund
262,90489,May
531,90490,Forward
851,90491,Production
819,90492,Have
797,90493,Floor
595,90494,Boy
974,90495,Within
426,90496,Try
282,90497,Or
349,90498,Edge
820,90499,Blood
307,90500,End
468,90501,Whole
62,90502,Author
343,90503,Build
967,90504,More
234,90505,Huge
78,90506,Approach
314,90507,Scientist
469,90508,Friend
687,90509,Base
434,90510,Artist
367,90511,Citizen
786,90512,Section
563,90513,Cut
581,90514,Dream
485,90515,Hotel
424,90516,Safe
716,90517,Teach
274,90518,Those
798,90519,Serve
547,90520,Color
395,90521,Listen
355,90522,Data
680,90523,Language
285,90524,News
842,90525,Voice
154,90526,Measure
4,90527,Beyond
934,90528,Medical
327,90529,I
217,90530,Full
552,90531,Camera
521,90532,Owner
992,90533,Picture
445,90534,Whether
22,90535,Art
691,90536,Office
425,90537,Tonight
393,90538,Democratic
847,90539,Next
697,90540,Industry
424,90541,Term
661,90542,Let
839,90543,Fine
785,90544,Activity
303,90545,Rise
657,90546,With
587,90547,Water
656,90548,Specific
38,90549,Five
862,90550,Through
400,90551,Feeling
315,90552,Space
434,90553,Reveal
319,90554,Important
254,90555,Hundred
859,90556,Subject
415,90557,Investment
230,90558,Movie
946,90559,Soon
69,90560,Officer
535,90561,Outside
974,90562,Nice
381,90563,Spend
121,90564,Hair
677,90565,About
77,90566,Mission
240,90567,Movement
547,90568,Alone
755,90569,Wall
548,90570,Maybe
880,90571,Girl
732,90572,Enjoy
552,90573,Hair
185,90574,Education
124,90575,Money
949,90576,Phone
749,90577,Bring
480,90578,Yet
127,90579,Figure
577,90580,Message
509,90581,Week
242,90582,Address
600,90583,Side
902,90584,Candidate
654,90585,Shake
604,90586,Somebody
135,90587,Education
953,90588,Toward
830,90589,This
48,90590,Gas
619,90591,Still
724,90592,Parent
94,90593,Laugh
664,90594,Full
67,90595,Dark
884,90596,Against
482,90597,Style
607,90598,Product
885,90599,Local
154,90600,Interview
785,90601,Report
510,90602,High
121,90603,Pressure
368,90604,Service
700,90605,Source
17,90606,Head
922,90607,But
798,90608,Professor
144,90609,Energy
342,90610,Social
48,90611,Truth
333,90612,Clearly
361,90613,Always
912,90614,Keep
943,90615,Level
108,90616,Cause
127,90617,Impact
791,90618,Land
497,90619,Sing
838,90620,Find
159,90621,Sound
521,90622,Remember
42,90623,Level
73,90624,Short
589,90625,Military
265,90626,Responsibility
239,90627,Lay
92,90628,Represent
892,90629,Become
662,90630,Student
691,90631,Guess
315,90632,Involve
95,90633,Stuff
278,90634,Amount
214,90635,Table
520,90636,Win
503,90637,Exactly
176,90638,Political
579,90639,Meet
629,90640,Up
552,90641,Church
155,90642,Development
593,90643,Statement
530,90644,Spend
823,90645,Person
115,90646,Finish
242,90647,Situation
514,90648,Total
719,90649,Alone
625,90650,Character
331,90651,Bring
535,90652,Difference
496,90653,Pattern
834,90654,Trip
822,90655,Civil
382,90656,Plan
550,90657,Dinner
712,90658,Short
507,90659,Exactly
938,90660,Art
579,90661,Treat
154,90662,Idea
338,90663,Theory
561,90664,Development
148,90665,Community
202,90666,Six
116,90667,Standard
221,90668,It
86,90669,Color
894,90670,Under
514,90671,Today
477,90672,Movie
370,90673,Actually
753,90674,Case
827,90675,Town
783,90676,Who
800,90677,Rather
25,90678,Size
118,90679,Within
593,90680,As
347,90681,Later
823,90682,Church
293,90683,Property
487,90684,Ready
982,90685,Probably
726,90686,Accept
303,90687,Allow
908,90688,Sit
782,90689,Of
648,90690,Citizen
931,90691,Matter
749,90692,Push
795,90693,Fill
72,90694,Production
64,90695,Evidence
864,90696,Mrs
437,90697,Step
142,90698,Easy
500,90699,Learn
548,90700,Water
116,90701,Reason
344,90702,West
627,90703,Drug
383,90704,Smile
227,90705,Debate
215,90706,Paper
169,90707,Thing
385,90708,Exist
293,90709,Field
347,90710,Be
913,90711,Him
142,90712,Prove
686,90713,Reflect
188,90714,Second
36,90715,Between
856,90716,Woman
907,90717,Sound
754,90718,Main
145,90719,Cause
932,90720,Them
667,90721,Dog
84,90722,Than
345,90723,Result
298,90724,Possible
767,90725,Management
704,90726,Seek
346,90727,Sea
650,90728,Build
765,90729,Ten
787,90730,Effort
508,90731,Find
448,90732,Glass
4,90733,Rock
321,90734,Girl
14,90735,Artist
19,90736,Then
345,90737,Gun
983,90738,Easy
953,90739,Stuff
71,90740,Stuff
641,90741,Deal
135,90742,Officer
562,90743,Republican
644,90744,Beyond
254,90745,Less
973,90746,Door
460,90747,Still
450,90748,Which
506,90749,Meeting
21,90750,Child
568,90751,Government
881,90752,Maybe
713,90753,Artist
266,90754,Just
695,90755,Candidate
753,90756,Power
23,90757,Claim
8,90758,Machine
317,90759,Of
12,90760,Board
295,90761,Affect
715,90762,Serious
945,90763,Would
602,90764,Poor
861,90765,Small
208,90766,Approach
755,90767,Open
385,90768,Parent
475,90769,Itself
801,90770,Picture
810,90771,Table
300,90772,Television
410,90773,Answer
240,90774,Police
698,90775,Person
771,90776,Old
478,90777,Candidate
815,90778,Its
716,90779,Its
354,90780,North
860,90781,Even
169,90782,Whom
721,90783,At
507,90784,Concern
901,90785,From
775,90786,Talk
290,90787,True
637,90788,Despite
359,90789,City
812,90790,Trouble
262,90791,Explain
860,90792,Really
705,90793,Tv
331,90794,Pass
21,90795,Thank
393,90796,Product
633,90797,Feel
516,90798,Follow
298,90799,Find
582,90800,Easy
264,90801,Them
741,90802,Police
601,90803,Speech
923,90804,Exactly
381,90805,Although
538,90806,Heavy
112,90807,Area
992,90808,Move
746,90809,Set
621,90810,Age
801,90811,Respond
166,90812,Lead
909,90813,Push
631,90814,Visit
21,90815,Respond
411,90816,Challenge
150,90817,National
700,90818,Particularly
286,90819,White
830,90820,Good
748,90821,Answer
988,90822,Life
651,90823,Provide
219,90824,Several
96,90825,Long
949,90826,Kind
695,90827,Music
860,90828,Similar
939,90829,Cultural
605,90830,Owner
17,90831,In
811,90832,Indeed
663,90833,Financial
529,90834,Whole
520,90835,Network
651,90836,Street
123,90837,Show
975,90838,Similar
679,90839,Really
888,90840,Future
104,90841,For
428,90842,History
340,90843,White
849,90844,Receive
703,90845,Rich
394,90846,Item
164,90847,Control
674,90848,Require
332,90849,Him
456,90850,Dog
930,90851,Thousand
516,90852,Choice
224,90853,Develop
154,90854,Somebody
544,90855,Early
702,90856,Medical
631,90857,Else
334,90858,Difference
610,90859,East
974,90860,Face
661,90861,Her
549,90862,End
917,90863,Business
319,90864,Degree
831,90865,Law
336,90866,Fly
20,90867,Without
334,90868,Culture
775,90869,Water
313,90870,Debate
902,90871,Writer
911,90872,Industry
737,90873,Mention
41,90874,Music
638,90875,Section
880,90876,End
200,90877,Action
161,90878,Decade
912,90879,Degree
290,90880,Response
697,90881,Series
661,90882,Them
959,90883,Peace
108,90884,Sound
898,90885,Trade
570,90886,Central
619,90887,Personal
885,90888,Maybe
402,90889,Mother
1,90890,Chair
312,90891,Give
615,90892,Despite
763,90893,Establish
877,90894,Should
764,90895,Area
903,90896,Recently
812,90897,Good
315,90898,Sister
300,90899,Major
107,90900,Back
70,90901,Apply
897,90902,Practice
581,90903,Range
877,90904,Town
104,90905,Star
892,90906,Performance
595,90907,Building
163,90908,Big
173,90909,Environmental
758,90910,Everything
480,90911,Factor
263,90912,Second
554,90913,Hospital
887,90914,For
938,90915,Tough
266,90916,Process
559,90917,Language
386,90918,Including
745,90919,Son
438,90920,Pretty
189,90921,Information
324,90922,Movie
133,90923,Director
243,90924,Field
574,90925,Light
414,90926,Say
305,90927,Old
250,90928,Process
992,90929,Rather
964,90930,Tv
648,90931,Too
570,90932,Now
731,90933,Else
471,90934,Energy
980,90935,Style
742,90936,Simply
976,90937,One
168,90938,Often
934,90939,Staff
266,90940,Guy
378,90941,Why
68,90942,Military
830,90943,Type
537,90944,Important
563,90945,Crime
861,90946,Project
779,90947,Their
268,90948,Mr
667,90949,His
204,90950,Lot
100,90951,Cultural
547,90952,However
94,90953,Skin
232,90954,Thousand
128,90955,Forward
157,90956,Capital
584,90957,Discuss
603,90958,Research
592,90959,Green
234,90960,Enjoy
237,90961,Guy
387,90962,Defense
475,90963,White
205,90964,Actually
681,90965,Direction
85,90966,Traditional
559,90967,Really
141,90968,Alone
231,90969,Their
923,90970,Big
696,90971,Data
178,90972,Power
113,90973,Fish
279,90974,Suddenly
765,90975,Lay
3,90976,Its
889,90977,Security
991,90978,Among
397,90979,Foot
573,90980,Deep
147,90981,Involve
687,90982,Card
101,90983,President
281,90984,Talk
72,90985,Stay
176,90986,Pull
30,90987,Wrong
563,90988,Central
454,90989,Degree
237,90990,Anything
256,90991,Morning
766,90992,Everything
724,90993,That
361,90994,Audience
828,90995,Including
252,90996,Threat
285,90997,Evidence
799,90998,Foot
189,90999,Explain
768,91000,Teach
632,91001,Election
84,91002,Above
177,91003,Section
735,91004,Skin
949,91005,Camera
870,91006,Writer
710,91007,Buy
584,91008,Teacher
930,91009,Thank
407,91010,Account
688,91011,Job
200,91012,Main
854,91013,She
797,91014,With
105,91015,Force
325,91016,Officer
9,91017,Right
507,91018,Door
14,91019,Subject
368,91020,Cup
128,91021,World
368,91022,Focus
904,91023,Democrat
743,91024,Around
483,91025,Kind
995,91026,Follow
140,91027,Newspaper
958,91028,Beautiful
885,91029,Ability
995,91030,Social
591,91031,Person
266,91032,Wear
181,91033,President
250,91034,Tough
393,91035,Right
97,91036,Piece
278,91037,Anyone
667,91038,Career
693,91039,Leader
688,91040,Management
246,91041,Involve
897,91042,Ok
763,91043,Wrong
514,91044,Also
123,91045,Action
780,91046,Yard
536,91047,Full
992,91048,Offer
576,91049,Party
462,91050,Under
408,91051,Wind
145,91052,Brother
493,91053,Song
907,91054,Sound
702,91055,Old
987,91056,Crime
980,91057,Measure
988,91058,Activity
735,91059,Measure
85,91060,Guess
364,91061,Win
60,91062,Loss
1,91063,Public
208,91064,Central
791,91065,Crime
201,91066,Agency
529,91067,Wear
928,91068,Far
776,91069,Goal
824,91070,Expert
756,91071,Song
640,91072,Particular
183,91073,Arm
855,91074,Skill
165,91075,Message
920,91076,Financial
367,91077,Fine
599,91078,Already
814,91079,If
60,91080,Around
837,91081,Listen
155,91082,Language
618,91083,Summer
850,91084,Past
292,91085,Half
980,91086,Decade
937,91087,Address
990,91088,Open
670,91089,Million
204,91090,Language
299,91091,They
504,91092,Thought
80,91093,Argue
933,91094,Her
296,91095,Tend
283,91096,Parent
407,91097,Me
162,91098,Modern
291,91099,Society
281,91100,Onto
581,91101,Pattern
605,91102,Group
691,91103,Mrs
852,91104,Even
623,91105,Can
780,91106,None
646,91107,Whether
856,91108,Same
417,91109,Around
706,91110,Contain
572,91111,Probably
462,91112,Color
185,91113,Foreign
279,91114,Prepare
273,91115,Smile
255,91116,Five
5,91117,Artist
314,91118,Right
760,91119,Some
895,91120,Long
560,91121,Particular
990,91122,Because
467,91123,Benefit
413,91124,War
122,91125,Simply
618,91126,Information
507,91127,Fly
612,91128,Church
710,91129,Beautiful
492,91130,You
896,91131,Stop
385,91132,Worker
761,91133,Manage
15,91134,Enough
904,91135,Let
468,91136,At
531,91137,Pattern
356,91138,Radio
661,91139,War
594,91140,Notice
378,91141,Kid
139,91142,Teacher
192,91143,Million
387,91144,Present
510,91145,Next
118,91146,By
927,91147,Role
602,91148,If
209,91149,Attorney
484,91150,Own
444,91151,Task
844,91152,Have
488,91153,Least
210,91154,Often
91,91155,Respond
307,91156,Really
627,91157,Onto
459,91158,Each
650,91159,Use
662,91160,Glass
345,91161,Training
874,91162,Letter
289,91163,Growth
300,91164,Especially
704,91165,Together
600,91166,Answer
681,91167,Activity
805,91168,Understand
256,91169,Choice
267,91170,Admit
719,91171,City
908,91172,Sound
141,91173,Economic
323,91174,Population
818,91175,Common
515,91176,We
978,91177,Assume
998,91178,Simple
627,91179,Painting
841,91180,Recognize
7,91181,Increase
489,91182,Compare
964,91183,Personal
890,91184,Early
545,91185,Crime
436,91186,Radio
558,91187,Front
439,91188,Crime
318,91189,Factor
617,91190,Music
728,91191,Religious
622,91192,Try
201,91193,Every
457,91194,Bad
653,91195,Nice
843,91196,Whom
453,91197,Us
967,91198,Enough
672,91199,Glass
474,91200,Floor
939,91201,Night
893,91202,Wind
979,91203,Various
929,91204,Court
985,91205,Animal
367,91206,If
585,91207,Find
648,91208,Population
670,91209,Painting
872,91210,Line
891,91211,Morning
95,91212,Somebody
132,91213,Notice
7,91214,Eye
338,91215,Skin
463,91216,Case
259,91217,Employee
309,91218,That
986,91219,According
62,91220,Home
438,91221,Position
653,91222,Without
882,91223,Reason
151,91224,Address
900,91225,Clear
777,91226,Mention
20,91227,Door
319,91228,Medical
748,91229,Population
291,91230,Position
985,91231,Thank
753,91232,Us
443,91233,Friend
493,91234,Writer
887,91235,Enough
191,91236,Box
936,91237,Painting
621,91238,Each
386,91239,Simple
140,91240,Fall
12,91241,Address
959,91242,Expect
958,91243,Discover
583,91244,Total
749,91245,Example
233,91246,Book
27,91247,Me
759,91248,Doctor
504,91249,Room
145,91250,Certainly
412,91251,Career
679,91252,For
156,91253,Leave
772,91254,Management
131,91255,Gas
269,91256,Concern
861,91257,Beyond
736,91258,Range
735,91259,Watch
612,91260,Executive
9,91261,Report
56,91262,Reach
844,91263,Hand
810,91264,Cold
449,91265,Whatever
184,91266,Treatment
422,91267,Yourself
107,91268,Kid
286,91269,Few
630,91270,Safe
282,91271,Catch
284,91272,Parent
466,91273,Gun
518,91274,Many
70,91275,Her
775,91276,Audience
911,91277,Indeed
344,91278,Activity
906,91279,Seek
738,91280,Successful
551,91281,Lot
608,91282,Arm
62,91283,Never
850,91284,Soldier
682,91285,Seek
7,91286,Market
907,91287,Personal
747,91288,Individual
34,91289,Purpose
464,91290,Throughout
199,91291,Company
325,91292,Really
163,91293,Score
20,91294,Allow
392,91295,Commercial
590,91296,Friend
454,91297,New
23,91298,Series
98,91299,Work
594,91300,Environmental
883,91301,Year
465,91302,Form
635,91303,Play
670,91304,Their
226,91305,Radio
570,91306,Natural
306,91307,Week
6,91308,Machine
243,91309,Century
896,91310,Prove
345,91311,Between
122,91312,Generation
873,91313,Hand
628,91314,Too
651,91315,Service
510,91316,Wonder
70,91317,Population
604,91318,Process
480,91319,Already
361,91320,Memory
452,91321,Especially
326,91322,Kitchen
170,91323,Above
360,91324,Condition
461,91325,Summer
967,91326,Necessary
840,91327,Small
274,91328,War
481,91329,At
157,91330,Five
843,91331,Customer
636,91332,Road
83,91333,Join
181,91334,Heart
396,91335,Guess
884,91336,Might
112,91337,Position
130,91338,Yard
686,91339,Investment
955,91340,Improve
629,91341,Grow
981,91342,Those
887,91343,Partner
901,91344,Later
445,91345,Budget
339,91346,Project
458,91347,Hold
335,91348,Treatment
579,91349,Rich
759,91350,Class
445,91351,Much
817,91352,Deal
550,91353,Central
743,91354,Bank
365,91355,Often
95,91356,Add
525,91357,Raise
909,91358,Store
873,91359,Class
957,91360,Message
273,91361,Wear
407,91362,Matter
556,91363,Woman
946,91364,Our
753,91365,Much
659,91366,Often
914,91367,Short
787,91368,Century
748,91369,Final
218,91370,Often
168,91371,Stay
752,91372,Thing
302,91373,Mean
926,91374,Gun
449,91375,Wear
44,91376,Thousand
963,91377,Soldier
578,91378,Leg
540,91379,Race
591,91380,Bring
179,91381,With
164,91382,Score
462,91383,Manager
436,91384,Product
820,91385,Hour
303,91386,Activity
582,91387,Name
25,91388,Issue
780,91389,Lawyer
541,91390,Method
572,91391,Among
22,91392,Easy
453,91393,You
460,91394,Almost
401,91395,Vote
232,91396,Price
832,91397,Way
120,91398,Camera
416,91399,Where
128,91400,Four
248,91401,Account
961,91402,Recent
584,91403,Ago
716,91404,Yet
28,91405,Wish
643,91406,Push
303,91407,Traditional
664,91408,End
607,91409,Improve
925,91410,Month
300,91411,Cup
585,91412,Room
849,91413,Artist
916,91414,Item
255,91415,More
706,91416,Miss
546,91417,Eat
912,91418,Threat
332,91419,Evidence
117,91420,Past
78,91421,Research
783,91422,Near
872,91423,Reality
704,91424,Difference
770,91425,Response
156,91426,Upon
641,91427,Land
149,91428,Right
760,91429,Article
488,91430,Say
240,91431,Moment
712,91432,Husband
222,91433,Administration
455,91434,Available
947,91435,Soon
191,91436,Issue
186,91437,Imagine
838,91438,Dog
788,91439,Successful
924,91440,Arm
934,91441,Walk
709,91442,Occur
106,91443,Need
852,91444,Right
662,91445,Ok
266,91446,Explain
732,91447,Peace
480,91448,Back
472,91449,Short
105,91450,Onto
293,91451,Why
150,91452,Exist
379,91453,Action
348,91454,Address
430,91455,Probably
488,91456,Few
878,91457,General
197,91458,Decide
653,91459,Worker
156,91460,Republican
478,91461,Far
154,91462,Best
354,91463,Finish
305,91464,Hear
5,91465,Report
283,91466,Them
122,91467,Doctor
709,91468,Job
315,91469,Establish
671,91470,Ten
382,91471,Environmental
524,91472,Why
99,91473,Ability
198,91474,School
34,91475,Worry
818,91476,Blue
146,91477,Language
265,91478,Maintain
262,91479,Population
640,91480,Gun
143,91481,Material
604,91482,Ready
424,91483,Material
789,91484,Story
587,91485,Property
283,91486,Miss
551,91487,Hit
435,91488,Nature
816,91489,View
294,91490,Develop
307,91491,No
396,91492,And
28,91493,Do
455,91494,Get
509,91495,Science
281,91496,Investment
738,91497,Old
138,91498,Training
847,91499,But
820,91500,Hard
166,91501,Ago
456,91502,Beat
993,91503,Market
886,91504,Smile
119,91505,Just
193,91506,Concern
65,91507,Other
625,91508,The
144,91509,Together
953,91510,Parent
296,91511,Break
816,91512,Finish
428,91513,Financial
269,91514,Source
60,91515,Yes
918,91516,Future
632,91517,Term
144,91518,Probably
534,91519,Amount
564,91520,Office
898,91521,Vote
428,91522,Not
169,91523,Message
216,91524,Start
66,91525,Article
822,91526,Pretty
94,91527,Three
640,91528,Half
850,91529,Style
135,91530,Find
872,91531,Window
583,91532,Me
553,91533,Feel
100,91534,Two
79,91535,Assume
476,91536,Class
669,91537,Receive
601,91538,Politics
383,91539,Attack
637,91540,Arrive
462,91541,Speak
208,91542,Perhaps
151,91543,Must
947,91544,Water
561,91545,Right
651,91546,Money
398,91547,Result
727,91548,Friend
21,91549,Candidate
578,91550,Race
908,91551,Notice
895,91552,Paper
205,91553,Listen
368,91554,Toward
734,91555,Region
146,91556,Day
445,91557,Wrong
976,91558,By
973,91559,Whether
768,91560,Forward
376,91561,Sing
360,91562,Could
775,91563,Measure
39,91564,Management
860,91565,Since
864,91566,Off
179,91567,Tree
706,91568,Kitchen
364,91569,Of
770,91570,Become
446,91571,Whole
167,91572,Yet
925,91573,Area
520,91574,Situation
38,91575,Later
605,91576,Bar
968,91577,Give
156,91578,Way
170,91579,Message
255,91580,Instead
5,91581,Finally
760,91582,Television
154,91583,Ever
566,91584,Result
323,91585,Easy
545,91586,Eat
886,91587,Ball
511,91588,Necessary
375,91589,Stop
867,91590,Everyone
296,91591,List
86,91592,Economic
38,91593,Probably
943,91594,Law
897,91595,Brother
816,91596,Few
995,91597,None
858,91598,Worry
326,91599,Drug
486,91600,Total
894,91601,Type
886,91602,Exist
352,91603,Fast
290,91604,Large
413,91605,Those
84,91606,How
312,91607,Apply
642,91608,All
608,91609,Court
149,91610,South
336,91611,Option
239,91612,Look
856,91613,Any
811,91614,Two
855,91615,Protect
75,91616,Reflect
991,91617,Together
672,91618,Military
729,91619,Kind
22,91620,Mention
81,91621,Help
281,91622,Government
770,91623,Show
125,91624,Yes
167,91625,Bill
41,91626,Far
475,91627,Woman
815,91628,Bit
85,91629,More
897,91630,Necessary
124,91631,Decide
98,91632,Energy
303,91633,Staff
899,91634,Course
651,91635,Reason
554,91636,Meeting
730,91637,Baby
283,91638,Discover
775,91639,It
816,91640,Maybe
658,91641,Reach
749,91642,Least
222,91643,Organization
233,91644,Hair
10,91645,Recent
330,91646,Bring
727,91647,Late
926,91648,Resource
751,91649,Expect
593,91650,Up
918,91651,Tough
211,91652,Tough
788,91653,Big
150,91654,South
586,91655,Food
609,91656,Fact
320,91657,New
807,91658,Trade
267,91659,Drop
165,91660,Wall
190,91661,Where
105,91662,Strong
974,91663,Democrat
722,91664,Situation
645,91665,Call
627,91666,Consider
98,91667,Including
528,91668,Address
802,91669,Foot
607,91670,Performance
208,91671,Last
708,91672,Realize
187,91673,Half
817,91674,Police
915,91675,Tax
161,91676,Teach
146,91677,Especially
316,91678,Alone
172,91679,Line
12,91680,Government
297,91681,Town
941,91682,Lawyer
43,91683,Early
514,91684,Six
834,91685,He
459,91686,Save
743,91687,Rise
191,91688,Seven
326,91689,As
847,91690,Recently
454,91691,Them
201,91692,Act
236,91693,Himself
474,91694,Rock
111,91695,Former
125,91696,Red
320,91697,Call
977,91698,Wish
190,91699,Live
838,91700,Never
186,91701,Argue
282,91702,Note
590,91703,Performance
648,91704,Relate
944,91705,Interesting
533,91706,Occur
14,91707,Deal
272,91708,Southern
507,91709,Surface
323,91710,Always
912,91711,Kid
121,91712,Good
947,91713,Test
49,91714,Member
640,91715,Born
610,91716,Person
865,91717,Deal
470,91718,Kitchen
43,91719,Like
50,91720,Behind
162,91721,Kitchen
777,91722,Will
985,91723,Consider
435,91724,Old
659,91725,Nature
287,91726,Three
3,91727,Traditional
142,91728,Policy
718,91729,Nearly
952,91730,Go
209,91731,It
935,91732,Article
366,91733,Although
848,91734,Agency
266,91735,Anyone
532,91736,Bit
76,91737,Yourself
119,91738,Bar
307,91739,Democrat
998,91740,One
405,91741,Seem
928,91742,Politics
163,91743,Me
552,91744,Girl
825,91745,Often
677,91746,Memory
681,91747,Rise
59,91748,Among
771,91749,Continue
453,91750,Figure
496,91751,Main
452,91752,Nature
918,91753,Here
724,91754,Safe
945,91755,During
251,91756,Election
247,91757,Feel
58,91758,Feeling
808,91759,Staff
412,91760,Executive
370,91761,Involve
33,91762,Forget
289,91763,Market
296,91764,Ahead
5,91765,Fall
151,91766,Start
885,91767,Campaign
704,91768,Either
244,91769,Value
556,91770,Ball
331,91771,Lead
248,91772,Bar
101,91773,Method
630,91774,Type
926,91775,Second
852,91776,Line
932,91777,Story
626,91778,Simply
438,91779,Religious
600,91780,Want
930,91781,Position
913,91782,Candidate
194,91783,Chance
90,91784,Bank
816,91785,Answer
175,91786,President
908,91787,Particular
845,91788,Level
742,91789,Song
807,91790,In
588,91791,Pretty
452,91792,Detail
456,91793,Republican
328,91794,Four
841,91795,Will
198,91796,Main
250,91797,Bar
51,91798,Painting
455,91799,Water
984,91800,Control
756,91801,Many
383,91802,Any
196,91803,Probably
274,91804,Theory
278,91805,Upon
211,91806,Someone
8,91807,Opportunity
725,91808,Increase
226,91809,Beautiful
267,91810,Catch
987,91811,New
573,91812,Change
72,91813,Building
406,91814,Process
11,91815,One
317,91816,Laugh
827,91817,Head
233,91818,Attorney
765,91819,Thus
121,91820,Information
109,91821,Power
897,91822,Various
737,91823,Affect
815,91824,Present
552,91825,Church
979,91826,Accept
414,91827,Practice
392,91828,Size
167,91829,Admit
28,91830,Heart
214,91831,Somebody
172,91832,Boy
272,91833,Coach
981,91834,Carry
929,91835,Speech
258,91836,Theory
669,91837,Understand
905,91838,Ever
363,91839,Stop
933,91840,Keep
589,91841,Player
959,91842,Media
897,91843,You
434,91844,Participant
527,91845,Onto
939,91846,Hand
789,91847,Nearly
24,91848,Executive
537,91849,Should
786,91850,Often
897,91851,Whose
886,91852,Treatment
855,91853,Home
166,91854,Without
541,91855,Plant
389,91856,Place
613,91857,Building
404,91858,Herself
807,91859,Talk
257,91860,Sit
817,91861,Soon
385,91862,Your
612,91863,Name
452,91864,Benefit
944,91865,Politics
10,91866,Course
188,91867,Fish
47,91868,Total
62,91869,When
343,91870,Reduce
475,91871,Trip
298,91872,But
468,91873,Yard
987,91874,Food
81,91875,Kind
180,91876,By
834,91877,Everybody
32,91878,Reflect
409,91879,Thousand
223,91880,Role
231,91881,Mission
499,91882,Nature
676,91883,Be
487,91884,Federal
56,91885,Myself
407,91886,His
749,91887,For
523,91888,Base
87,91889,Physical
952,91890,Letter
742,91891,Term
53,91892,Place
823,91893,Character
427,91894,Live
19,91895,Television
853,91896,That
160,91897,Say
204,91898,Former
981,91899,Feeling
887,91900,Young
821,91901,Few
279,91902,Road
868,91903,Wife
799,91904,Like
736,91905,Art
849,91906,Need
343,91907,If
525,91908,Baby
211,91909,Provide
891,91910,Public
208,91911,Return
819,91912,Growth
924,91913,Artist
457,91914,Power
264,91915,Realize
493,91916,Enough
840,91917,Site
22,91918,Discover
72,91919,Himself
507,91920,Mouth
684,91921,Piece
76,91922,Think
90,91923,Try
318,91924,Green
197,91925,Look
820,91926,Few
872,91927,Wait
641,91928,Follow
793,91929,Throughout
300,91930,Most
297,91931,Reach
717,91932,Themselves
774,91933,Collection
741,91934,Real
207,91935,Sell
867,91936,Data
111,91937,Reality
515,91938,Use
977,91939,Have
708,91940,Protect
51,91941,Hard
762,91942,Article
643,91943,Now
615,91944,Center
905,91945,Finish
990,91946,Store
380,91947,Mind
156,91948,So
22,91949,Item
660,91950,East
198,91951,Word
323,91952,Area
178,91953,Old
150,91954,He
414,91955,Benefit
935,91956,Somebody
183,91957,Off
325,91958,Bed
594,91959,Cold
259,91960,Then
699,91961,Need
453,91962,Gun
250,91963,Issue
547,91964,Main
687,91965,Meet
986,91966,My
403,91967,Population
736,91968,Throw
578,91969,Seat
960,91970,Situation
183,91971,Allow
24,91972,Public
121,91973,Allow
751,91974,Issue
570,91975,Tv
456,91976,Short
618,91977,President
867,91978,Goal
895,91979,Hold
384,91980,Firm
792,91981,Court
575,91982,Country
936,91983,Wish
662,91984,Only
946,91985,World
529,91986,Tough
316,91987,Speak
950,91988,Industry
196,91989,Fish
141,91990,Coach
822,91991,Near
773,91992,Sea
327,91993,Mrs
699,91994,Food
649,91995,Adult
349,91996,Begin
630,91997,Ground
691,91998,Role
920,91999,President
528,92000,Hope
412,92001,Sport
11,92002,Employee
806,92003,Film
250,92004,Everyone
230,92005,Forward
280,92006,West
340,92007,Believe
512,92008,Center
884,92009,Station
25,92010,Study
2,92011,Line
325,92012,Enough
482,92013,Letter
422,92014,Agree
65,92015,Better
582,92016,Since
794,92017,Democratic
163,92018,Relate
731,92019,Quickly
737,92020,Unit
211,92021,Low
378,92022,Without
63,92023,Market
517,92024,Order
502,92025,City
920,92026,Movie
519,92027,Piece
132,92028,Follow
42,92029,Century
868,92030,Likely
941,92031,This
908,92032,Last
602,92033,Performance
597,92034,Born
188,92035,Item
99,92036,Appear
427,92037,Upon
911,92038,Type
240,92039,Question
562,92040,Might
205,92041,Group
27,92042,State
408,92043,Generation
665,92044,Thought
621,92045,Policy
908,92046,Manage
194,92047,Start
440,92048,Important
428,92049,Will
702,92050,Security
496,92051,Involve
91,92052,Quite
546,92053,Newspaper
934,92054,Break
408,92055,Of
307,92056,Return
212,92057,Air
611,92058,Certainly
500,92059,Young
839,92060,Great
312,92061,Research
787,92062,Next
720,92063,Fire
723,92064,Forward
996,92065,Age
553,92066,Care
636,92067,Compare
642,92068,Fine
633,92069,Over
364,92070,Unit
382,92071,Street
600,92072,Design
182,92073,Out
885,92074,Former
54,92075,Production
282,92076,Population
747,92077,Brother
894,92078,Fight
406,92079,Cut
845,92080,Impact
580,92081,Arm
262,92082,Under
991,92083,Kind
322,92084,Father
102,92085,Help
528,92086,Others
997,92087,Anything
321,92088,Agree
657,92089,Billion
443,92090,Network
278,92091,Market
760,92092,Director
695,92093,Drop
391,92094,Speech
984,92095,Care
704,92096,Admit
325,92097,Democratic
718,92098,Tough
70,92099,Medical
535,92100,Drug
378,92101,Information
719,92102,Magazine
391,92103,View
742,92104,Note
629,92105,Let
580,92106,Tv
59,92107,Ago
635,92108,Author
163,92109,Thing
668,92110,Guy
476,92111,One
164,92112,Necessary
726,92113,Quality
828,92114,Radio
170,92115,Ready
918,92116,Myself
3,92117,City
228,92118,Letter
614,92119,Herself
621,92120,Goal
348,92121,Tell
231,92122,Institution
899,92123,Experience
860,92124,White
806,92125,Someone
870,92126,Rule
302,92127,Writer
811,92128,Thus
579,92129,Decide
982,92130,The
512,92131,Wait
975,92132,Sit
970,92133,Husband
649,92134,Statement
835,92135,Look
475,92136,Couple
260,92137,Free
480,92138,Truth
128,92139,Capital
794,92140,Sort
365,92141,These
114,92142,Finally
744,92143,Feel
972,92144,Participant
103,92145,Difference
573,92146,Dog
816,92147,Never
504,92148,Mouth
69,92149,Fund
229,92150,Pay
611,92151,Room
406,92152,Information
94,92153,Special
647,92154,Message
384,92155,With
926,92156,Price
144,92157,Piece
679,92158,Idea
917,92159,Measure
23,92160,Say
436,92161,Let
386,92162,World
209,92163,More
595,92164,Business
498,92165,Break
157,92166,Garden
122,92167,They
831,92168,Suggest
236,92169,Fire
943,92170,Require
672,92171,Great
604,92172,End
828,92173,Whatever
421,92174,Purpose
198,92175,Exist
214,92176,Discover
125,92177,Child
40,92178,Position
565,92179,Great
525,92180,Lawyer
165,92181,Oil
429,92182,Agreement
615,92183,Trouble
756,92184,Box
71,92185,Summer
889,92186,Direction
643,92187,Our
420,92188,Claim
763,92189,Toward
702,92190,Those
71,92191,Instead
262,92192,Staff
713,92193,Seem
281,92194,Continue
459,92195,Fact
779,92196,Bad
77,92197,Near
47,92198,Food
31,92199,Piece
389,92200,Action
279,92201,Born
236,92202,Election
374,92203,Nation
847,92204,Individual
396,92205,Call
338,92206,Structure
209,92207,Choose
311,92208,Be
996,92209,Common
425,92210,Specific
636,92211,Company
110,92212,Everything
222,92213,Ask
490,92214,Particular
441,92215,Direction
693,92216,Paper
562,92217,Upon
54,92218,Simply
20,92219,Administration
496,92220,Hundred
587,92221,Hard
444,92222,Project
617,92223,Successful
255,92224,Keep
491,92225,Series
134,92226,End
206,92227,Get
93,92228,Pass
852,92229,Keep
611,92230,Fire
163,92231,There
5,92232,Vote
509,92233,Table
50,92234,Set
509,92235,Police
126,92236,Ready
407,92237,Determine
705,92238,Type
393,92239,Above
964,92240,Government
752,92241,Sure
589,92242,Next
781,92243,Letter
575,92244,Us
93,92245,Prove
111,92246,He
808,92247,Full
761,92248,Think
211,92249,Outside
859,92250,Few
631,92251,Class
762,92252,World
956,92253,Near
521,92254,Ok
635,92255,Produce
687,92256,Cause
945,92257,Minute
796,92258,Social
541,92259,According
48,92260,Everybody
929,92261,Work
858,92262,Involve
996,92263,Born
524,92264,Drop
408,92265,Plant
921,92266,Buy
410,92267,Edge
848,92268,Develop
178,92269,Ago
804,92270,Hope
225,92271,Former
162,92272,Six
903,92273,Specific
487,92274,Too
262,92275,Help
590,92276,Dog
851,92277,Get
252,92278,Light
949,92279,Mention
258,92280,Customer
888,92281,Relate
247,92282,Tend
139,92283,Vote
988,92284,Seven
333,92285,Red
657,92286,Office
561,92287,How
847,92288,State
214,92289,Reason
49,92290,Need
591,92291,Compare
780,92292,For
636,92293,Another
448,92294,Although
520,92295,Or
595,92296,Possible
351,92297,World
289,92298,Stage
642,92299,Wind
882,92300,Big
907,92301,And
533,92302,Ball
353,92303,Party
17,92304,Film
187,92305,Per
36,92306,Meeting
824,92307,Bag
638,92308,Commercial
466,92309,Little
808,92310,Citizen
965,92311,War
792,92312,Wear
602,92313,Source
666,92314,Describe
276,92315,Claim
187,92316,Success
148,92317,Themselves
102,92318,Hard
719,92319,Read
34,92320,Risk
978,92321,Under
906,92322,Candidate
760,92323,Collection
167,92324,Attack
533,92325,They
310,92326,Customer
783,92327,Purpose
723,92328,Operation
230,92329,Boy
796,92330,Simply
718,92331,Particularly
211,92332,Probably
231,92333,Stop
280,92334,Administration
562,92335,I
146,92336,Mission
615,92337,Effect
693,92338,Word
171,92339,Reduce
604,92340,Increase
108,92341,Alone
337,92342,Before
423,92343,Able
121,92344,Almost
206,92345,That
280,92346,Reflect
853,92347,Spend
625,92348,Eye
535,92349,We
200,92350,Research
430,92351,Source
756,92352,Guess
573,92353,Whole
311,92354,Leave
905,92355,Chair
318,92356,Himself
581,92357,Particular
346,92358,Deal
996,92359,Yard
742,92360,Move
690,92361,Environmental
767,92362,Ok
376,92363,Fear
673,92364,Teach
974,92365,Stand
620,92366,The
860,92367,Official
729,92368,Before
372,92369,Play
607,92370,Partner
877,92371,Father
842,92372,Person
479,92373,Ground
254,92374,Television
709,92375,Work
797,92376,Small
737,92377,Computer
131,92378,Stuff
599,92379,Arm
371,92380,First
556,92381,Instead
346,92382,Firm
339,92383,Can
267,92384,Sea
682,92385,Lot
313,92386,Where
401,92387,Center
71,92388,Speech
163,92389,You
88,92390,Person
415,92391,Paper
592,92392,Always
632,92393,Edge
545,92394,Dream
926,92395,Conference
375,92396,Task
213,92397,Congress
334,92398,South
748,92399,Understand
614,92400,Or
50,92401,Serve
710,92402,Result
526,92403,Ever
430,92404,Table
727,92405,Arrive
43,92406,Race
378,92407,Doctor
203,92408,Picture
995,92409,When
813,92410,Then
832,92411,Player
107,92412,Local
978,92413,Home
315,92414,Shoulder
859,92415,Read
122,92416,Decide
464,92417,Network
502,92418,Himself
616,92419,Memory
524,92420,Really
191,92421,Ago
581,92422,Beat
320,92423,Other
908,92424,Above
645,92425,Moment
910,92426,Ask
621,92427,Class
681,92428,Ability
472,92429,Both
608,92430,Yourself
773,92431,City
213,92432,Force
394,92433,Particular
317,92434,Magazine
809,92435,Form
808,92436,Truth
56,92437,They
33,92438,Major
684,92439,Place
92,92440,Next
894,92441,Call
753,92442,Not
933,92443,Marriage
10,92444,Summer
222,92445,Can
775,92446,Fire
629,92447,Side
213,92448,Trade
581,92449,Actually
108,92450,Recognize
126,92451,Attorney
974,92452,Star
511,92453,Himself
521,92454,As
955,92455,Kid
197,92456,Two
868,92457,Author
282,92458,Get
198,92459,Him
21,92460,Woman
288,92461,Onto
369,92462,Spring
731,92463,Strong
754,92464,Anyone
734,92465,Alone
269,92466,Score
528,92467,Once
646,92468,Plant
201,92469,Series
668,92470,Trade
622,92471,Including
158,92472,Their
878,92473,Stage
803,92474,Husband
334,92475,Baby
404,92476,Among
757,92477,Mention
16,92478,Training
566,92479,Allow
518,92480,Special
845,92481,Community
177,92482,Time
439,92483,Science
996,92484,This
608,92485,Partner
548,92486,Size
411,92487,Church
444,92488,Lawyer
553,92489,Part
168,92490,Move
829,92491,Until
276,92492,Fear
48,92493,Watch
365,92494,Respond
294,92495,Occur
226,92496,Act
559,92497,Happy
427,92498,Language
308,92499,Week
643,92500,Reduce
635,92501,Speak
332,92502,Candidate
926,92503,Policy
888,92504,Evidence
742,92505,Exactly
193,92506,Capital
749,92507,Company
207,92508,Note
94,92509,Simply
42,92510,Return
21,92511,Indicate
21,92512,Its
531,92513,Popular
589,92514,Director
627,92515,Two
222,92516,Table
359,92517,Process
809,92518,Score
923,92519,Big
315,92520,Wide
354,92521,Write
58,92522,Box
824,92523,Candidate
608,92524,Drug
913,92525,Music
978,92526,Investment
926,92527,Especially
285,92528,Two
885,92529,Loss
537,92530,Kid
185,92531,Research
926,92532,Relationship
156,92533,Talk
503,92534,Paper
786,92535,Type
350,92536,Like
89,92537,Exactly
816,92538,Around
903,92539,Myself
649,92540,Instead
836,92541,During
909,92542,Before
883,92543,Instead
785,92544,Away
817,92545,Growth
689,92546,Including
66,92547,Generation
791,92548,Few
388,92549,Billion
504,92550,All
81,92551,Young
326,92552,Finish
339,92553,Save
373,92554,How
369,92555,Project
535,92556,Blood
360,92557,Organization
411,92558,Course
626,92559,Hour
839,92560,Card
542,92561,Quickly
179,92562,Head
68,92563,Cell
194,92564,Current
321,92565,Media
316,92566,Reach
417,92567,Garden
229,92568,Whom
526,92569,Reflect
937,92570,Party
658,92571,Wife
197,92572,Lose
72,92573,Grow
467,92574,Positive
301,92575,Think
209,92576,Military
158,92577,Cold
815,92578,After
916,92579,Play
344,92580,History
482,92581,Follow
59,92582,Consumer
580,92583,Above
82,92584,Section
978,92585,Man
381,92586,Gas
796,92587,Around
195,92588,Bar
632,92589,Worry
931,92590,On
526,92591,Hit
27,92592,Put
522,92593,Citizen
523,92594,Pressure
374,92595,Plan
396,92596,Truth
674,92597,Son
445,92598,Hear
263,92599,Address
982,92600,Example
993,92601,Resource
816,92602,Main
485,92603,Rise
127,92604,Way
173,92605,Attorney
490,92606,Project
787,92607,Born
631,92608,Pull
720,92609,Near
191,92610,Three
113,92611,Bag
4,92612,Name
686,92613,Run
663,92614,Stay
567,92615,Well
182,92616,This
821,92617,Simple
732,92618,How
207,92619,Thank
663,92620,Happen
879,92621,Environmental
915,92622,Any
215,92623,Set
191,92624,Will
240,92625,Will
15,92626,Data
528,92627,East
466,92628,Appear
557,92629,Attention
729,92630,Indicate
254,92631,Free
981,92632,Hair
748,92633,Piece
748,92634,While
334,92635,Whom
342,92636,Drop
417,92637,Serve
288,92638,Consider
300,92639,Beyond
215,92640,Group
593,92641,National
79,92642,Require
985,92643,Investment
740,92644,Career
138,92645,Yeah
517,92646,Spring
252,92647,Order
751,92648,Forward
77,92649,Agree
296,92650,Ability
730,92651,Amount
190,92652,Rather
560,92653,Responsibility
633,92654,Pick
27,92655,Understand
55,92656,Pass
617,92657,Spring
148,92658,Seven
811,92659,Ago
380,92660,Avoid
965,92661,Population
833,92662,Safe
23,92663,Policy
379,92664,Shoulder
203,92665,I
427,92666,Whether
301,92667,Rate
10,92668,Responsibility
238,92669,Town
88,92670,Nor
222,92671,Operation
342,92672,Boy
459,92673,Program
997,92674,Remain
990,92675,Drop
535,92676,Visit
299,92677,Role
106,92678,Many
18,92679,Century
923,92680,Full
587,92681,Help
600,92682,Best
170,92683,Few
837,92684,Happy
530,92685,Produce
613,92686,Culture
126,92687,Remember
176,92688,Ask
897,92689,Same
155,92690,Could
700,92691,Security
183,92692,Range
900,92693,Far
81,92694,Inside
690,92695,Not
991,92696,Particular
449,92697,Worry
469,92698,Boy
753,92699,Must
697,92700,Deep
478,92701,Exactly
18,92702,Machine
198,92703,Me
85,92704,Oil
606,92705,Chance
909,92706,High
873,92707,Difference
303,92708,Standard
957,92709,Realize
55,92710,Campaign
451,92711,Develop
827,92712,Wide
152,92713,Soldier
382,92714,Operation
36,92715,Like
675,92716,Not
71,92717,Field
456,92718,Middle
319,92719,Impact
392,92720,Half
507,92721,Fish
522,92722,Grow
424,92723,Describe
704,92724,Discover
937,92725,Time
461,92726,Discuss
506,92727,Forget
932,92728,Day
631,92729,Into
649,92730,Situation
247,92731,Bed
993,92732,Ball
462,92733,Market
304,92734,Light
467,92735,Science
612,92736,Act
869,92737,Despite
534,92738,Bed
953,92739,Teacher
955,92740,Personal
833,92741,Miss
50,92742,Away
901,92743,Leg
279,92744,Goal
889,92745,Throughout
715,92746,Arrive
839,92747,Commercial
216,92748,Great
818,92749,Time
653,92750,Society
217,92751,Security
701,92752,Better
710,92753,Speak
982,92754,Paper
178,92755,On
319,92756,Listen
566,92757,Leave
226,92758,Number
468,92759,Model
600,92760,Remember
656,92761,Deal
291,92762,Learn
159,92763,Worker
758,92764,Data
368,92765,Authority
941,92766,Across
839,92767,Myself
653,92768,Its
831,92769,Fill
359,92770,Home
746,92771,Police
755,92772,Economy
232,92773,Despite
58,92774,Crime
988,92775,He
686,92776,Man
124,92777,Them
501,92778,Both
143,92779,Wide
205,92780,Fall
474,92781,Region
288,92782,Serve
797,92783,Certainly
671,92784,Significant
387,92785,Fill
184,92786,Third
924,92787,Teacher
192,92788,Might
556,92789,Investment
586,92790,My
798,92791,Occur
152,92792,Save
100,92793,Bad
535,92794,Radio
500,92795,Hit
13,92796,Drive
692,92797,Arrive
380,92798,Wonder
106,92799,Democrat
255,92800,Through
685,92801,Enter
969,92802,Line
173,92803,Keep
213,92804,Child
970,92805,Financial
92,92806,Across
981,92807,Easy
721,92808,Effort
31,92809,Relate
420,92810,Business
109,92811,Television
619,92812,Hundred
115,92813,A
80,92814,Affect
298,92815,Picture
389,92816,Represent
686,92817,Avoid
196,92818,Staff
408,92819,Mission
622,92820,Thank
643,92821,Bad
401,92822,Sign
408,92823,Customer
508,92824,Effort
930,92825,Poor
732,92826,Fact
577,92827,Coach
115,92828,Whatever
107,92829,Floor
465,92830,Evidence
529,92831,Ago
374,92832,Song
631,92833,Politics
684,92834,Walk
41,92835,Oil
667,92836,Nation
623,92837,Beat
564,92838,Thought
798,92839,Strategy
250,92840,Finally
116,92841,Turn
630,92842,Test
581,92843,Note
408,92844,Beyond
32,92845,Trade
983,92846,Tv
377,92847,Analysis
130,92848,Pay
706,92849,Purpose
535,92850,Middle
770,92851,Amount
706,92852,Water
588,92853,Throughout
269,92854,Interesting
234,92855,Put
691,92856,Better
138,92857,Key
859,92858,Case
830,92859,Green
317,92860,Industry
483,92861,Toward
752,92862,Baby
431,92863,Tree
723,92864,Whether
202,92865,Speak
462,92866,College
43,92867,Job
322,92868,Short
668,92869,Art
316,92870,Brother
859,92871,Between
674,92872,Third
908,92873,Ball
672,92874,Current
535,92875,Choice
19,92876,Chair
225,92877,Window
179,92878,Industry
43,92879,Tell
486,92880,Game
863,92881,Item
372,92882,Just
47,92883,Budget
735,92884,Nature
158,92885,Against
974,92886,Best
701,92887,Each
398,92888,Fly
586,92889,Possible
651,92890,Task
801,92891,Check
783,92892,Require
191,92893,Why
49,92894,Case
374,92895,Training
385,92896,Success
644,92897,About
70,92898,Ago
686,92899,Probably
998,92900,President
7,92901,Research
72,92902,Sure
98,92903,Hour
568,92904,Economic
226,92905,The
226,92906,Safe
776,92907,Writer
753,92908,Family
999,92909,Beat
389,92910,Pressure
477,92911,Management
613,92912,Idea
36,92913,Program
23,92914,Walk
232,92915,May
288,92916,Able
576,92917,Fact
197,92918,North
696,92919,Call
273,92920,Major
291,92921,Art
761,92922,Really
18,92923,Capital
847,92924,Medical
589,92925,According
590,92926,Language
11,92927,Somebody
762,92928,Doctor
496,92929,Who
335,92930,Society
890,92931,Story
644,92932,Practice
484,92933,Debate
533,92934,Painting
357,92935,Information
498,92936,Later
773,92937,Pay
569,92938,Happen
118,92939,Power
540,92940,Heart
549,92941,Interview
244,92942,Kind
707,92943,Successful
528,92944,Particular
531,92945,Thousand
672,92946,Education
777,92947,Effort
40,92948,Break
706,92949,Agent
724,92950,Could
317,92951,Fund
345,92952,Not
506,92953,Six
542,92954,Do
844,92955,Seat
590,92956,Ball
1000,92957,Respond
774,92958,Arrive
251,92959,Fire
193,92960,At
916,92961,Choose
755,92962,Single
821,92963,Remain
917,92964,Measure
754,92965,Mrs
123,92966,Mouth
408,92967,Similar
587,92968,Both
779,92969,Dog
101,92970,Day
374,92971,Sister
351,92972,Event
48,92973,Sign
124,92974,Whose
485,92975,Question
238,92976,High
782,92977,Green
459,92978,Smile
25,92979,Improve
111,92980,Foot
680,92981,System
876,92982,Step
423,92983,Buy
822,92984,Professor
438,92985,Happy
439,92986,West
954,92987,Skin
624,92988,Song
305,92989,Success
346,92990,However
973,92991,During
116,92992,Pretty
382,92993,School
462,92994,Box
842,92995,Inside
84,92996,Amount
537,92997,Technology
190,92998,Tax
526,92999,Voice
401,93000,Character
360,93001,Modern
215,93002,My
84,93003,Address
25,93004,Cold
729,93005,Decade
605,93006,Red
192,93007,Improve
857,93008,Know
680,93009,Pretty
156,93010,Whom
301,93011,Yeah
121,93012,Believe
498,93013,Different
558,93014,Trade
194,93015,Nature
998,93016,See
413,93017,Born
266,93018,Number
989,93019,Product
999,93020,Friend
642,93021,Movement
531,93022,Customer
101,93023,Yet
252,93024,Population
282,93025,Data
322,93026,Commercial
591,93027,Board
669,93028,Discover
407,93029,Law
15,93030,Take
313,93031,Food
570,93032,Help
508,93033,Federal
14,93034,Baby
747,93035,Billion
766,93036,Reach
425,93037,Much
601,93038,Out
406,93039,Tend
837,93040,Continue
750,93041,Enough
937,93042,Rest
608,93043,Travel
73,93044,He
152,93045,Care
952,93046,Budget
288,93047,Lose
398,93048,These
768,93049,Old
151,93050,Which
483,93051,Somebody
781,93052,Situation
68,93053,Argue
793,93054,Crime
725,93055,Discover
96,93056,Go
674,93057,Tonight
679,93058,One
770,93059,Area
445,93060,Already
988,93061,Sit
670,93062,Local
436,93063,Determine
183,93064,Involve
82,93065,See
477,93066,Leg
693,93067,Mother
253,93068,Everyone
91,93069,Site
275,93070,Bill
513,93071,Financial
497,93072,Model
42,93073,Seat
491,93074,Off
647,93075,Dinner
194,93076,Media
794,93077,Size
762,93078,Politics
435,93079,Stand
23,93080,Rise
791,93081,Few
668,93082,Me
506,93083,Control
664,93084,Sign
444,93085,Side
816,93086,According
567,93087,Sit
699,93088,Buy
996,93089,Gun
584,93090,Particular
904,93091,Lose
18,93092,Between
554,93093,Movement
837,93094,Eat
902,93095,Recent
565,93096,Church
795,93097,Box
654,93098,Draw
319,93099,Among
879,93100,Line
618,93101,Clearly
5,93102,General
252,93103,Quickly
638,93104,Space
412,93105,Account
289,93106,Son
67,93107,Heart
987,93108,Actually
743,93109,Training
560,93110,Knowledge
490,93111,Box
672,93112,Down
20,93113,While
538,93114,Wall
691,93115,Present
427,93116,Lose
317,93117,Focus
614,93118,Story
1,93119,Ball
787,93120,Cut
201,93121,Activity
548,93122,Material
796,93123,Price
295,93124,Use
278,93125,Wrong
37,93126,Your
112,93127,Model
566,93128,I
620,93129,Country
964,93130,Wear
944,93131,Provide
204,93132,Meet
691,93133,To
558,93134,Street
90,93135,Probably
600,93136,Boy
769,93137,Seat
374,93138,Cultural
205,93139,Less
36,93140,Public
606,93141,Bar
591,93142,Hope
488,93143,Leg
783,93144,Control
716,93145,Night
916,93146,Discussion
506,93147,Large
22,93148,Know
847,93149,Ground
102,93150,Large
834,93151,Store
428,93152,Talk
984,93153,Check
493,93154,Option
428,93155,Yet
875,93156,Account
469,93157,Address
313,93158,Order
996,93159,Line
126,93160,Different
749,93161,Industry
895,93162,Memory
378,93163,Plant
488,93164,Unit
43,93165,Stay
829,93166,Medical
367,93167,List
422,93168,Capital
598,93169,Feeling
562,93170,Door
46,93171,Five
126,93172,Direction
645,93173,Sign
508,93174,Some
515,93175,Major
415,93176,Area
206,93177,Campaign
170,93178,Total
805,93179,Protect
25,93180,Them
743,93181,Level
238,93182,Card
892,93183,Several
668,93184,Front
514,93185,Describe
605,93186,Than
283,93187,Expect
16,93188,Carry
174,93189,Attack
803,93190,Exactly
97,93191,Education
890,93192,Quality
676,93193,Job
635,93194,Mention
546,93195,Training
761,93196,Subject
7,93197,Scene
285,93198,President
788,93199,Congress
141,93200,Impact
977,93201,Toward
345,93202,Staff
212,93203,Man
432,93204,Federal
465,93205,Will
767,93206,Six
732,93207,Role
388,93208,Why
533,93209,Recent
708,93210,Card
483,93211,Later
455,93212,Wear
683,93213,Forget
116,93214,Report
628,93215,Sense
374,93216,Forward
67,93217,Behavior
349,93218,Full
86,93219,Apply
363,93220,Low
788,93221,Such
758,93222,Situation
791,93223,Sea
79,93224,Care
580,93225,Age
48,93226,Hour
193,93227,Total
600,93228,Plant
902,93229,Area
20,93230,Degree
992,93231,Project
296,93232,Join
570,93233,Central
692,93234,Fact
533,93235,Create
729,93236,Wish
91,93237,Natural
497,93238,Everybody
277,93239,Office
468,93240,Stand
905,93241,Wind
13,93242,Onto
288,93243,Agreement
132,93244,Become
947,93245,Ready
299,93246,Say
708,93247,Start
388,93248,Raise
373,93249,Argue
468,93250,Practice
293,93251,Television
613,93252,Through
893,93253,Example
725,93254,Media
710,93255,Citizen
798,93256,Per
874,93257,Admit
387,93258,Man
555,93259,Even
637,93260,Possible
334,93261,Per
96,93262,Community
72,93263,Wear
366,93264,Protect
226,93265,Kid
576,93266,Debate
797,93267,Tv
862,93268,Party
725,93269,Do
484,93270,Exactly
60,93271,Case
671,93272,Space
426,93273,Anything
131,93274,Mind
489,93275,Star
66,93276,Against
587,93277,Hair
583,93278,Learn
643,93279,Seat
987,93280,Price
127,93281,Create
337,93282,Choice
662,93283,Hour
649,93284,Example
357,93285,Performance
434,93286,After
419,93287,American
323,93288,Cost
551,93289,Successful
141,93290,Day
135,93291,Human
618,93292,A
693,93293,Discuss
572,93294,Forward
439,93295,Firm
434,93296,Investment
432,93297,Since
329,93298,Surface
647,93299,Lose
99,93300,Somebody
635,93301,Weight
103,93302,Matter
831,93303,Mind
264,93304,Impact
551,93305,Woman
571,93306,Which
984,93307,Line
110,93308,Foreign
480,93309,Design
570,93310,Local
368,93311,Everybody
588,93312,Center
306,93313,Grow
677,93314,Community
941,93315,Finally
552,93316,Despite
876,93317,Top
897,93318,Color
277,93319,Job
233,93320,Parent
231,93321,Begin
836,93322,Develop
718,93323,Eight
444,93324,Build
38,93325,Sense
357,93326,Inside
885,93327,Truth
865,93328,Action
461,93329,Already
33,93330,Western
114,93331,Onto
485,93332,Citizen
811,93333,Player
431,93334,Want
955,93335,Huge
228,93336,Adult
806,93337,Decision
598,93338,Whose
694,93339,Watch
66,93340,Campaign
307,93341,Five
949,93342,Minute
902,93343,Level
480,93344,Various
838,93345,Us
512,93346,Most
866,93347,Outside
107,93348,Free
864,93349,Take
668,93350,Keep
389,93351,Order
166,93352,Imagine
49,93353,Follow
276,93354,Affect
758,93355,Enjoy
151,93356,Same
423,93357,Eat
819,93358,Us
418,93359,Crime
898,93360,Professor
198,93361,Use
666,93362,Care
483,93363,Event
202,93364,Choice
424,93365,Deep
999,93366,Window
440,93367,Blood
673,93368,Heart
380,93369,Goal
937,93370,Especially
4,93371,Republican
651,93372,See
667,93373,Military
4,93374,When
716,93375,Project
316,93376,Before
567,93377,Party
979,93378,Rise
967,93379,Whole
52,93380,Growth
777,93381,Between
862,93382,Professional
702,93383,Question
387,93384,Pick
544,93385,Daughter
918,93386,Idea
729,93387,Local
76,93388,Heart
276,93389,Thing
363,93390,Care
632,93391,If
407,93392,Forward
557,93393,Write
744,93394,Cell
401,93395,Song
307,93396,Blood
810,93397,Recently
436,93398,Rise
395,93399,Gun
87,93400,Fight
410,93401,Mention
572,93402,Pressure
396,93403,Sport
823,93404,Public
559,93405,Why
298,93406,It
943,93407,Decision
408,93408,Throughout
760,93409,Task
627,93410,Call
905,93411,Be
737,93412,Most
869,93413,Defense
487,93414,Recently
825,93415,Stay
925,93416,White
995,93417,Mean
860,93418,Truth
483,93419,Energy
464,93420,Above
172,93421,Reality
191,93422,Establish
410,93423,Success
605,93424,Remain
823,93425,Blue
9,93426,Before
430,93427,Seek
164,93428,How
74,93429,Hair
849,93430,Stop
480,93431,Key
926,93432,Plan
788,93433,Either
91,93434,Friend
63,93435,Try
667,93436,Bill
882,93437,Carry
34,93438,Ability
564,93439,Democrat
109,93440,Sell
998,93441,Thought
243,93442,History
594,93443,Doctor
95,93444,Part
819,93445,Western
379,93446,My
21,93447,List
661,93448,Bad
147,93449,Rather
533,93450,Appear
629,93451,Suggest
24,93452,Trip
37,93453,Character
317,93454,Do
214,93455,Recently
251,93456,Citizen
956,93457,Book
421,93458,Between
447,93459,Surface
963,93460,Policy
81,93461,Artist
2,93462,Break
496,93463,Response
396,93464,Herself
293,93465,Everything
171,93466,Government
453,93467,Rule
201,93468,Shoulder
211,93469,Poor
918,93470,Arrive
677,93471,Name
691,93472,Top
825,93473,Rock
959,93474,Make
4,93475,Its
687,93476,Black
104,93477,South
951,93478,Rise
542,93479,Experience
168,93480,Fine
763,93481,Section
786,93482,Concern
130,93483,Threat
492,93484,Sell
57,93485,Role
716,93486,Third
536,93487,Again
659,93488,Mission
672,93489,No
450,93490,South
806,93491,Authority
15,93492,Majority
885,93493,Successful
517,93494,Probably
193,93495,Beat
208,93496,College
286,93497,Collection
970,93498,Authority
740,93499,Star
893,93500,Degree
836,93501,Range
685,93502,Life
352,93503,Science
404,93504,Ready
578,93505,Laugh
156,93506,Economy
299,93507,Pass
518,93508,Energy
372,93509,Suddenly
657,93510,Letter
726,93511,Make
80,93512,What
534,93513,Camera
209,93514,Any
814,93515,Never
16,93516,Out
379,93517,Take
809,93518,Available
956,93519,Range
882,93520,Hold
157,93521,Finish
319,93522,Opportunity
507,93523,Should
720,93524,Threat
684,93525,Trip
850,93526,Hear
923,93527,Discover
398,93528,Note
303,93529,Involve
664,93530,Finally
113,93531,High
74,93532,Real
291,93533,Property
235,93534,Create
248,93535,Enjoy
394,93536,Center
546,93537,Partner
868,93538,Kid
110,93539,Away
452,93540,Find
233,93541,Real
887,93542,Everything
999,93543,Suggest
131,93544,Detail
651,93545,Property
879,93546,Enjoy
803,93547,Mission
540,93548,Possible
144,93549,Learn
477,93550,Such
985,93551,Military
55,93552,State
924,93553,Opportunity
275,93554,Ok
166,93555,Stuff
473,93556,Fast
258,93557,If
404,93558,Discuss
434,93559,Religious
794,93560,See
684,93561,Real
311,93562,Food
531,93563,Father
804,93564,Table
270,93565,Pay
723,93566,Public
705,93567,Feel
885,93568,Choice
581,93569,Add
756,93570,Understand
723,93571,Approach
805,93572,Side
589,93573,School
741,93574,Easy
168,93575,Television
852,93576,Again
183,93577,For
590,93578,Relationship
849,93579,Surface
281,93580,Able
284,93581,Evening
687,93582,Rule
166,93583,Hair
784,93584,Wonder
476,93585,War
387,93586,Brother
653,93587,Alone
660,93588,Drug
84,93589,Build
834,93590,Sure
129,93591,Either
967,93592,Risk
999,93593,Light
608,93594,Guy
651,93595,Build
759,93596,From
573,93597,Democratic
425,93598,Build
408,93599,National
16,93600,Use
781,93601,Return
253,93602,Fall
157,93603,Create
122,93604,Enter
833,93605,Can
989,93606,Like
576,93607,Attack
925,93608,Loss
176,93609,Someone
395,93610,Glass
246,93611,Everyone
576,93612,Concern
227,93613,Will
540,93614,General
608,93615,Rate
129,93616,Two
448,93617,Dinner
485,93618,Itself
271,93619,Ever
75,93620,Computer
626,93621,Arrive
393,93622,Lay
33,93623,Best
464,93624,Yard
747,93625,Meet
440,93626,Become
984,93627,Mr
515,93628,Reduce
222,93629,Nor
524,93630,Where
804,93631,Decade
400,93632,Want
8,93633,Determine
735,93634,While
520,93635,A
948,93636,Performance
730,93637,Education
503,93638,Likely
371,93639,Statement
822,93640,Hard
237,93641,Successful
96,93642,Beat
235,93643,Policy
839,93644,Medical
948,93645,Whole
518,93646,The
485,93647,Assume
198,93648,Allow
394,93649,By
282,93650,Board
707,93651,Throw
108,93652,Parent
303,93653,Manager
517,93654,Agent
509,93655,Plant
582,93656,Drop
858,93657,Hospital
589,93658,Win
467,93659,Raise
799,93660,Great
521,93661,Several
559,93662,Federal
44,93663,Age
202,93664,Window
729,93665,Knowledge
91,93666,Beautiful
924,93667,Network
433,93668,Part
451,93669,Up
159,93670,Water
115,93671,Herself
239,93672,Year
554,93673,Window
460,93674,Care
498,93675,Relationship
730,93676,Determine
959,93677,Decision
660,93678,Visit
191,93679,Tend
173,93680,Current
94,93681,Military
456,93682,Give
425,93683,With
598,93684,We
947,93685,Back
107,93686,Song
624,93687,Activity
286,93688,Boy
933,93689,Nature
77,93690,But
203,93691,Pm
971,93692,Mr
3,93693,Lay
815,93694,Condition
566,93695,Any
86,93696,Another
194,93697,Audience
478,93698,Town
457,93699,Determine
530,93700,Guy
819,93701,Use
773,93702,Manage
823,93703,Determine
734,93704,Purpose
160,93705,Government
360,93706,Involve
47,93707,Cell
533,93708,Your
296,93709,Low
536,93710,Democratic
747,93711,Question
739,93712,Before
873,93713,Image
979,93714,Student
801,93715,They
337,93716,Itself
629,93717,Understand
950,93718,Item
841,93719,It
108,93720,Director
648,93721,Memory
282,93722,Make
765,93723,Purpose
337,93724,Benefit
135,93725,Meeting
86,93726,Their
292,93727,Many
576,93728,Out
261,93729,Surface
158,93730,Short
431,93731,Smile
582,93732,Score
398,93733,A
350,93734,Wish
320,93735,Chance
690,93736,Cold
436,93737,Mr
6,93738,Left
882,93739,You
974,93740,Whole
493,93741,Along
808,93742,Finally
945,93743,Nice
323,93744,Job
842,93745,Force
471,93746,Make
84,93747,Range
672,93748,Which
784,93749,Indicate
2,93750,Happen
710,93751,Cost
10,93752,Seat
860,93753,Carry
985,93754,Water
337,93755,Police
548,93756,Modern
706,93757,Whole
591,93758,Knowledge
713,93759,On
222,93760,Performance
273,93761,Decide
901,93762,According
382,93763,Employee
667,93764,Eye
477,93765,Trade
665,93766,Similar
269,93767,Fast
65,93768,Region
820,93769,Plant
304,93770,Million
523,93771,Special
574,93772,Middle
48,93773,Always
507,93774,Nice
571,93775,Spend
189,93776,Science
400,93777,Easy
582,93778,It
302,93779,Remain
925,93780,Seat
157,93781,Individual
189,93782,Themselves
716,93783,Else
787,93784,Speak
515,93785,Think
296,93786,Drive
500,93787,Law
35,93788,Will
453,93789,Way
352,93790,Matter
721,93791,Doctor
790,93792,Situation
132,93793,Fall
490,93794,Nation
646,93795,Guess
690,93796,Look
393,93797,Goal
438,93798,Act
935,93799,Economic
206,93800,Road
521,93801,However
457,93802,Party
4,93803,Place
800,93804,Though
546,93805,Parent
779,93806,Care
181,93807,Close
505,93808,Two
391,93809,Notice
245,93810,Hospital
695,93811,Past
945,93812,Number
899,93813,Finish
867,93814,Card
392,93815,Star
329,93816,Especially
588,93817,Charge
102,93818,Where
819,93819,Interview
810,93820,Upon
427,93821,Watch
655,93822,Old
826,93823,Treat
873,93824,About
958,93825,Check
254,93826,Up
549,93827,Easy
78,93828,He
658,93829,Home
596,93830,Sure
517,93831,Car
102,93832,Which
555,93833,Test
129,93834,Respond
191,93835,Cold
757,93836,Artist
950,93837,Theory
974,93838,Or
162,93839,Also
885,93840,Actually
746,93841,Machine
690,93842,Situation
573,93843,Performance
163,93844,Issue
427,93845,Skill
846,93846,Offer
28,93847,Produce
554,93848,Board
426,93849,Campaign
868,93850,Majority
769,93851,Remember
277,93852,Would
898,93853,Finish
618,93854,Well
995,93855,Tough
311,93856,Discuss
623,93857,Parent
803,93858,Check
24,93859,Concern
50,93860,Treat
600,93861,Only
801,93862,Ground
466,93863,Message
875,93864,Draw
442,93865,Level
440,93866,Expect
105,93867,Little
103,93868,Lead
493,93869,National
580,93870,Ever
721,93871,Small
450,93872,Anyone
260,93873,Idea
664,93874,Get
567,93875,Receive
671,93876,Little
912,93877,North
378,93878,Carry
847,93879,Week
649,93880,Leader
710,93881,Improve
595,93882,Commercial
479,93883,Begin
120,93884,Around
57,93885,Share
985,93886,Care
667,93887,Create
621,93888,Three
225,93889,Feel
102,93890,Professor
406,93891,As
691,93892,Member
749,93893,Billion
568,93894,Mrs
756,93895,Course
867,93896,Represent
503,93897,Cup
248,93898,Level
33,93899,Book
379,93900,Old
733,93901,Measure
211,93902,News
323,93903,Edge
400,93904,Tough
411,93905,Follow
335,93906,Office
383,93907,Determine
362,93908,Role
362,93909,Interest
592,93910,Through
659,93911,Term
925,93912,Up
25,93913,We
863,93914,Fast
616,93915,Manage
801,93916,Better
166,93917,Some
483,93918,Level
42,93919,Eight
877,93920,Provide
605,93921,Cause
912,93922,Building
969,93923,Blood
49,93924,But
444,93925,Training
401,93926,Know
996,93927,General
403,93928,Which
735,93929,Single
502,93930,Above
426,93931,Week
708,93932,Beautiful
968,93933,Professional
975,93934,Show
437,93935,Consider
529,93936,City
121,93937,Democratic
658,93938,Brother
425,93939,Positive
251,93940,Economic
405,93941,Price
304,93942,Project
682,93943,Prove
646,93944,Drug
277,93945,Participant
492,93946,Suggest
167,93947,Prove
49,93948,Food
890,93949,Again
245,93950,See
951,93951,Common
545,93952,Television
256,93953,Civil
20,93954,Discussion
270,93955,Board
751,93956,Area
710,93957,Affect
689,93958,Mr
838,93959,Stand
994,93960,Couple
822,93961,Trip
833,93962,Unit
525,93963,Officer
868,93964,Hard
427,93965,Financial
99,93966,Guess
437,93967,Black
393,93968,Reflect
850,93969,Sport
423,93970,Finish
723,93971,Both
376,93972,Movie
834,93973,Politics
189,93974,But
950,93975,Home
135,93976,Child
40,93977,Class
967,93978,Pick
992,93979,Couple
343,93980,Very
383,93981,Public
541,93982,Choose
564,93983,Tonight
761,93984,Chair
417,93985,Possible
870,93986,Benefit
761,93987,Notice
267,93988,Their
169,93989,Audience
543,93990,Fast
925,93991,Happen
81,93992,Tax
274,93993,Claim
913,93994,Method
607,93995,Eight
877,93996,Step
136,93997,However
174,93998,Between
723,93999,Occur
950,94000,Cause
756,94001,Single
712,94002,Ball
596,94003,Itself
53,94004,Trip
851,94005,About
173,94006,Travel
821,94007,Factor
803,94008,Voice
502,94009,Special
149,94010,Program
428,94011,Wonder
483,94012,Relate
202,94013,Word
674,94014,Picture
569,94015,Others
263,94016,Several
681,94017,Water
608,94018,Power
322,94019,Entire
761,94020,Hot
649,94021,Gas
732,94022,Power
877,94023,Hit
38,94024,Performance
916,94025,Operation
622,94026,Medical
188,94027,Nothing
31,94028,Sea
529,94029,Agree
729,94030,Green
79,94031,Lot
625,94032,Various
42,94033,Matter
347,94034,List
844,94035,Newspaper
233,94036,Everyone
591,94037,Back
316,94038,Daughter
972,94039,Court
397,94040,Woman
495,94041,Both
439,94042,Support
929,94043,School
126,94044,Any
673,94045,Product
185,94046,Level
845,94047,Already
101,94048,Ready
468,94049,Machine
220,94050,Conference
97,94051,Young
508,94052,And
205,94053,Camera
678,94054,Maybe
680,94055,Wear
700,94056,Consumer
523,94057,No
348,94058,Speak
86,94059,Within
771,94060,Face
796,94061,Prepare
4,94062,Success
555,94063,Long
527,94064,Do
98,94065,There
330,94066,Month
682,94067,Why
329,94068,Often
113,94069,Trial
55,94070,None
496,94071,Everyone
82,94072,Mind
406,94073,Risk
116,94074,Answer
573,94075,Cultural
236,94076,Yet
6,94077,Eat
176,94078,Build
863,94079,Machine
772,94080,Perform
441,94081,Suggest
687,94082,Though
935,94083,American
414,94084,Another
15,94085,Now
215,94086,Similar
766,94087,Exist
325,94088,Hit
950,94089,Purpose
402,94090,Range
167,94091,Bill
893,94092,Real
758,94093,Gas
786,94094,Somebody
581,94095,Fight
948,94096,Late
798,94097,Begin
888,94098,Available
672,94099,Light
221,94100,Boy
15,94101,Her
241,94102,Large
448,94103,Dinner
104,94104,Receive
518,94105,Style
551,94106,Investment
701,94107,Since
403,94108,Simple
822,94109,Drop
836,94110,Important
857,94111,But
151,94112,Compare
515,94113,Include
964,94114,Risk
481,94115,Significant
106,94116,But
774,94117,Accept
30,94118,Until
913,94119,Understand
646,94120,Name
848,94121,Share
497,94122,Share
466,94123,Field
301,94124,Health
374,94125,Claim
29,94126,Behavior
694,94127,Sign
578,94128,Success
385,94129,Site
680,94130,Visit
501,94131,Than
535,94132,Person
22,94133,Feel
613,94134,Free
668,94135,Bar
146,94136,Spring
94,94137,Least
703,94138,Beautiful
915,94139,Make
412,94140,Modern
303,94141,Better
299,94142,Material
334,94143,Evening
165,94144,At
202,94145,Training
507,94146,Word
768,94147,Behind
320,94148,Exist
848,94149,People
951,94150,Garden
364,94151,Probably
364,94152,Just
878,94153,Sing
297,94154,Agreement
549,94155,Interview
975,94156,Learn
966,94157,Day
825,94158,Firm
511,94159,Cold
537,94160,Present
871,94161,Citizen
627,94162,Hundred
547,94163,Provide
697,94164,Forget
772,94165,Whom
884,94166,Better
461,94167,Natural
926,94168,Southern
975,94169,Drive
478,94170,Stock
432,94171,Management
940,94172,Admit
214,94173,Bank
95,94174,Nation
226,94175,Join
527,94176,Agree
855,94177,Any
58,94178,School
176,94179,Respond
441,94180,Practice
589,94181,Sport
27,94182,Sing
441,94183,Page
721,94184,Of
495,94185,Walk
756,94186,Yes
858,94187,Everybody
154,94188,Down
4,94189,Challenge
317,94190,Employee
908,94191,Event
906,94192,Set
365,94193,May
978,94194,Region
779,94195,Want
462,94196,Hard
693,94197,Senior
719,94198,Young
840,94199,Each
852,94200,Worry
570,94201,Certain
889,94202,Talk
646,94203,Take
302,94204,Tend
16,94205,Hair
906,94206,Sell
833,94207,Feel
900,94208,Town
37,94209,See
599,94210,Company
565,94211,Hard
353,94212,Window
157,94213,Certainly
706,94214,Authority
25,94215,When
227,94216,Cold
7,94217,Size
527,94218,Home
577,94219,Four
386,94220,Office
361,94221,Wife
179,94222,Building
723,94223,Citizen
467,94224,Cell
889,94225,Including
680,94226,Thing
474,94227,During
983,94228,Trouble
583,94229,Condition
902,94230,Finish
576,94231,If
60,94232,Meeting
321,94233,Speech
386,94234,Feeling
623,94235,Can
299,94236,Here
923,94237,Pull
789,94238,Kind
58,94239,Paper
770,94240,Organization
128,94241,Tell
270,94242,Nice
515,94243,Hot
719,94244,Trouble
235,94245,Reason
827,94246,Land
206,94247,Wall
14,94248,Each
574,94249,Hot
717,94250,Action
907,94251,Message
919,94252,Sit
493,94253,Growth
571,94254,Technology
582,94255,Perhaps
352,94256,How
431,94257,In
701,94258,Particular
791,94259,Physical
460,94260,Still
2,94261,Source
34,94262,Cost
799,94263,Get
158,94264,Watch
987,94265,Price
789,94266,Onto
198,94267,Inside
574,94268,Note
918,94269,Democratic
918,94270,To
986,94271,Social
799,94272,Recently
685,94273,Become
781,94274,Including
715,94275,According
767,94276,Us
398,94277,Effort
611,94278,Teacher
257,94279,Any
107,94280,Benefit
604,94281,Officer
129,94282,She
48,94283,Lead
186,94284,Federal
821,94285,Like
179,94286,Tree
298,94287,Plan
339,94288,Feel
892,94289,Factor
816,94290,Research
631,94291,Born
514,94292,Blood
861,94293,Measure
486,94294,Action
985,94295,Wrong
69,94296,Grow
544,94297,Foot
999,94298,Course
600,94299,Home
253,94300,Paper
23,94301,Prepare
352,94302,Hotel
205,94303,Me
823,94304,Son
923,94305,Score
825,94306,Can
674,94307,Market
604,94308,Box
528,94309,People
347,94310,She
372,94311,Will
988,94312,Rest
987,94313,Message
299,94314,Factor
419,94315,Must
344,94316,Evening
33,94317,Lose
113,94318,Issue
194,94319,Himself
661,94320,Candidate
256,94321,Include
235,94322,Already
745,94323,Raise
638,94324,Official
807,94325,Point
472,94326,Training
414,94327,Approach
778,94328,Manage
828,94329,Act
550,94330,House
674,94331,Father
667,94332,Range
49,94333,Recognize
672,94334,Indicate
337,94335,Group
501,94336,Parent
871,94337,Billion
628,94338,Soon
335,94339,Run
967,94340,Enough
27,94341,Yet
703,94342,Sound
700,94343,Involve
755,94344,Participant
785,94345,Friend
947,94346,Training
167,94347,Drop
634,94348,National
409,94349,Interest
927,94350,Market
828,94351,Out
68,94352,Speak
482,94353,Service
856,94354,Include
850,94355,Recent
516,94356,Adult
279,94357,List
764,94358,Wonder
233,94359,Democratic
575,94360,Want
567,94361,Quite
667,94362,North
645,94363,Never
506,94364,Mission
624,94365,Probably
577,94366,Usually
441,94367,Class
108,94368,Say
701,94369,Relationship
485,94370,When
975,94371,Expert
234,94372,Account
226,94373,Door
67,94374,Above
599,94375,Base
563,94376,Edge
137,94377,Bank
135,94378,Discussion
788,94379,Allow
13,94380,Likely
586,94381,Source
21,94382,Improve
808,94383,Space
297,94384,Thing
479,94385,General
566,94386,See
234,94387,A
154,94388,Anyone
282,94389,Trade
154,94390,Identify
514,94391,Everybody
308,94392,Model
868,94393,Father
66,94394,Foreign
130,94395,Able
668,94396,Beautiful
147,94397,Need
376,94398,Radio
341,94399,Fall
907,94400,Stuff
524,94401,Kid
682,94402,Data
855,94403,Avoid
332,94404,Firm
583,94405,Upon
373,94406,Role
787,94407,Language
981,94408,Serve
611,94409,Other
33,94410,Tonight
213,94411,Station
122,94412,Exist
907,94413,Pass
210,94414,Them
668,94415,Whether
852,94416,Worker
299,94417,History
542,94418,Week
620,94419,Congress
180,94420,Join
237,94421,Line
204,94422,Nor
790,94423,Relate
2,94424,Yard
445,94425,Science
944,94426,Spring
124,94427,Brother
476,94428,Keep
94,94429,Nature
71,94430,Discuss
461,94431,Dog
565,94432,Method
182,94433,Campaign
105,94434,Reason
70,94435,Character
441,94436,Sit
487,94437,Treatment
597,94438,Boy
63,94439,Miss
693,94440,Knowledge
688,94441,Exactly
980,94442,Nor
209,94443,Father
770,94444,Safe
476,94445,Special
33,94446,Official
550,94447,Factor
164,94448,Quality
794,94449,Bar
789,94450,Court
791,94451,Wrong
483,94452,Amount
605,94453,Finish
598,94454,Occur
117,94455,Board
366,94456,Center
708,94457,Right
48,94458,Admit
647,94459,Big
762,94460,Song
23,94461,Road
964,94462,Because
772,94463,Answer
441,94464,First
151,94465,All
719,94466,Board
131,94467,Movie
680,94468,Much
440,94469,Plan
618,94470,Maybe
328,94471,Arrive
762,94472,Authority
832,94473,Use
683,94474,Economic
394,94475,Six
979,94476,Including
484,94477,Hold
768,94478,Parent
702,94479,Republican
163,94480,Service
227,94481,Expert
605,94482,Again
965,94483,Continue
160,94484,Bring
845,94485,Rather
474,94486,Seat
938,94487,Provide
722,94488,Foreign
831,94489,Nor
871,94490,Authority
771,94491,Hour
704,94492,Budget
242,94493,Television
52,94494,Kitchen
516,94495,Suffer
772,94496,Happen
684,94497,Action
724,94498,Ball
992,94499,By
150,94500,Call
517,94501,Machine
309,94502,Check
812,94503,Player
437,94504,Nearly
114,94505,Medical
798,94506,Administration
226,94507,Record
940,94508,Management
86,94509,Close
650,94510,Represent
640,94511,Note
486,94512,Must
10,94513,Field
449,94514,Stage
21,94515,Treat
562,94516,Way
482,94517,Feel
523,94518,Whole
614,94519,Shoulder
223,94520,Onto
298,94521,Thing
995,94522,Final
784,94523,Water
301,94524,Reveal
277,94525,Suffer
184,94526,Less
975,94527,Available
647,94528,Change
366,94529,Relationship
384,94530,Perhaps
970,94531,Throw
410,94532,Born
132,94533,Forward
401,94534,Popular
721,94535,Drive
599,94536,Management
713,94537,Movement
710,94538,Its
147,94539,Bed
853,94540,Develop
551,94541,Travel
614,94542,When
595,94543,Movie
990,94544,Bar
230,94545,May
106,94546,Daughter
682,94547,Lose
818,94548,Laugh
740,94549,Discussion
702,94550,Sit
727,94551,Mr
934,94552,Full
280,94553,Cost
204,94554,Pass
744,94555,Think
256,94556,Trouble
432,94557,Beyond
82,94558,Surface
574,94559,Do
523,94560,Particular
1,94561,Fine
458,94562,For
900,94563,East
15,94564,Fly
620,94565,Run
17,94566,Past
301,94567,Score
21,94568,Prepare
702,94569,Almost
847,94570,Life
594,94571,Your
493,94572,House
22,94573,Age
60,94574,Reflect
665,94575,Meet
84,94576,Official
142,94577,Light
883,94578,Same
447,94579,Hospital
762,94580,Green
2,94581,Door
972,94582,Loss
648,94583,Total
338,94584,Art
215,94585,Because
781,94586,Arrive
923,94587,Pay
982,94588,Report
207,94589,Bank
529,94590,Business
672,94591,Short
130,94592,Democrat
700,94593,Carry
181,94594,Professor
686,94595,Note
450,94596,Head
19,94597,Color
435,94598,Create
675,94599,Everybody
131,94600,Possible
98,94601,Action
212,94602,Help
250,94603,Father
430,94604,Seem
111,94605,Ground
409,94606,Do
269,94607,Responsibility
81,94608,Cause
227,94609,Worry
251,94610,Anything
918,94611,Decade
11,94612,Movement
668,94613,Own
275,94614,Degree
80,94615,Reflect
776,94616,Add
804,94617,Away
266,94618,Live
73,94619,Reveal
945,94620,What
522,94621,Give
311,94622,Bag
51,94623,Second
446,94624,Go
620,94625,Final
144,94626,Court
263,94627,Seem
231,94628,Degree
83,94629,Ok
989,94630,About
629,94631,Seven
389,94632,Three
660,94633,Story
816,94634,A
339,94635,Garden
375,94636,Physical
130,94637,Husband
384,94638,Responsibility
811,94639,Church
657,94640,Reach
24,94641,Magazine
826,94642,Weight
814,94643,People
360,94644,Manage
309,94645,Course
854,94646,Green
372,94647,Perform
68,94648,Important
119,94649,Why
155,94650,Drug
296,94651,Likely
85,94652,Particular
121,94653,Magazine
332,94654,Name
665,94655,Rich
111,94656,Mother
840,94657,White
649,94658,Mrs
858,94659,Right
813,94660,Ground
810,94661,Window
852,94662,Expert
109,94663,Past
800,94664,Recognize
599,94665,Bag
253,94666,Dark
935,94667,Lawyer
954,94668,Education
496,94669,Method
323,94670,It
963,94671,That
940,94672,Act
579,94673,Their
524,94674,Woman
985,94675,Even
585,94676,Bag
392,94677,Shake
603,94678,Memory
724,94679,Safe
947,94680,Process
904,94681,Process
718,94682,Choose
700,94683,Blood
285,94684,Candidate
903,94685,Article
141,94686,Change
710,94687,Dog
806,94688,Line
740,94689,Seven
726,94690,Thousand
277,94691,Study
964,94692,Hospital
25,94693,Can
630,94694,Democratic
508,94695,Campaign
981,94696,Century
907,94697,Memory
672,94698,Body
880,94699,How
584,94700,That
147,94701,Party
258,94702,Prevent
915,94703,Edge
231,94704,Unit
478,94705,Trade
417,94706,Test
907,94707,Region
915,94708,Blood
900,94709,Crime
67,94710,Wrong
502,94711,Push
293,94712,Eight
771,94713,Recent
639,94714,Face
478,94715,Table
365,94716,Western
238,94717,Democrat
325,94718,Focus
864,94719,Decade
89,94720,Need
650,94721,Trade
655,94722,Born
429,94723,Fish
596,94724,Final
370,94725,Agree
185,94726,Serve
595,94727,Tough
997,94728,Cause
367,94729,Less
352,94730,Maintain
21,94731,Contain
357,94732,Ever
299,94733,Campaign
970,94734,Drug
626,94735,Bit
930,94736,Sing
940,94737,Cut
622,94738,Whole
108,94739,Building
637,94740,Five
149,94741,Score
646,94742,Here
900,94743,Light
17,94744,Budget
28,94745,Central
145,94746,Simple
854,94747,Buy
536,94748,Recent
450,94749,Sport
202,94750,Actually
935,94751,Reach
513,94752,Language
973,94753,Main
254,94754,Almost
580,94755,Wall
890,94756,Development
567,94757,Seek
367,94758,Role
54,94759,Degree
515,94760,Series
291,94761,Strong
575,94762,Necessary
102,94763,Eye
69,94764,Help
344,94765,Ability
41,94766,Watch
901,94767,Best
784,94768,North
709,94769,North
339,94770,Exist
643,94771,Occur
514,94772,Which
659,94773,Arm
231,94774,Can
538,94775,Any
955,94776,Develop
111,94777,Difference
765,94778,Day
842,94779,Beautiful
996,94780,Full
863,94781,Age
789,94782,Want
402,94783,Next
164,94784,Me
12,94785,Religious
141,94786,Skill
573,94787,Finally
45,94788,Head
273,94789,Mouth
273,94790,During
736,94791,Notice
858,94792,Hard
300,94793,Record
341,94794,Travel
898,94795,Though
345,94796,Visit
406,94797,Record
415,94798,Sure
260,94799,Poor
849,94800,System
271,94801,Choose
684,94802,Song
19,94803,Agent
844,94804,Face
815,94805,Chance
363,94806,Thought
82,94807,Wife
611,94808,Success
523,94809,Interest
107,94810,Large
912,94811,Campaign
375,94812,Election
445,94813,Although
761,94814,Wall
7,94815,Value
19,94816,Opportunity
871,94817,Dream
842,94818,Ever
250,94819,Just
909,94820,Scientist
572,94821,Break
105,94822,Seat
385,94823,Daughter
476,94824,Support
576,94825,Magazine
722,94826,Congress
614,94827,Religious
139,94828,Official
692,94829,Red
303,94830,Court
118,94831,Tough
65,94832,Time
548,94833,Movie
237,94834,Foreign
950,94835,Effort
773,94836,Safe
71,94837,Board
424,94838,Yes
976,94839,Brother
988,94840,By
793,94841,Half
313,94842,Theory
145,94843,Although
790,94844,From
261,94845,Show
794,94846,Smile
435,94847,Get
162,94848,Health
785,94849,Suggest
647,94850,Day
901,94851,Option
802,94852,Group
546,94853,Participant
532,94854,Even
754,94855,Computer
337,94856,Issue
613,94857,Politics
297,94858,Question
477,94859,Hope
73,94860,Everyone
461,94861,Land
589,94862,In
852,94863,Yeah
869,94864,Fund
545,94865,Their
355,94866,Medical
455,94867,None
668,94868,Just
620,94869,Certain
658,94870,Itself
633,94871,Half
127,94872,Per
628,94873,Too
515,94874,Leader
47,94875,Could
976,94876,Center
164,94877,Carry
265,94878,Become
812,94879,Book
495,94880,Process
129,94881,Few
757,94882,Off
160,94883,Medical
616,94884,Study
575,94885,Fund
318,94886,Alone
243,94887,Culture
958,94888,Daughter
641,94889,Early
150,94890,Various
569,94891,Compare
807,94892,Live
979,94893,Human
254,94894,Oil
219,94895,Baby
845,94896,West
524,94897,Standard
892,94898,Thus
636,94899,Always
84,94900,Lead
324,94901,Language
12,94902,Despite
824,94903,Happy
855,94904,You
975,94905,Avoid
319,94906,Others
697,94907,Democratic
4,94908,Under
956,94909,Realize
322,94910,Result
848,94911,Attention
120,94912,Go
70,94913,Common
677,94914,Protect
682,94915,Whether
129,94916,Four
10,94917,Main
412,94918,Call
664,94919,Seem
291,94920,Floor
801,94921,Sense
177,94922,Future
51,94923,Section
99,94924,Race
289,94925,Price
826,94926,Significant
950,94927,Watch
399,94928,Couple
922,94929,Challenge
638,94930,Easy
879,94931,Clear
677,94932,Brother
461,94933,Pressure
980,94934,Test
280,94935,Happen
204,94936,Million
482,94937,Leader
60,94938,Begin
803,94939,Production
661,94940,Manage
689,94941,Behind
383,94942,Together
173,94943,Girl
654,94944,Gun
624,94945,Seven
396,94946,Break
615,94947,Mother
652,94948,Buy
821,94949,Wonder
645,94950,Effect
987,94951,Throw
881,94952,Health
331,94953,Back
11,94954,Only
568,94955,Center
821,94956,Same
544,94957,Nation
340,94958,Environmental
350,94959,Early
911,94960,Always
5,94961,Them
101,94962,Create
67,94963,Effect
51,94964,As
63,94965,Region
231,94966,Conference
286,94967,Way
697,94968,Music
257,94969,Product
683,94970,Her
925,94971,News
691,94972,Right
331,94973,Perhaps
392,94974,If
636,94975,South
854,94976,Experience
255,94977,Hundred
532,94978,Cultural
61,94979,Half
69,94980,Plan
170,94981,Continue
981,94982,Friend
49,94983,Thing
765,94984,Role
750,94985,Health
840,94986,Laugh
550,94987,Provide
346,94988,Arrive
643,94989,Religious
258,94990,Spend
433,94991,International
622,94992,Her
936,94993,Science
765,94994,Him
222,94995,Product
234,94996,Allow
487,94997,Sure
978,94998,Fast
425,94999,Whose
315,95000,Understand
